error_type,feature,direction,case_count,appearance_count,mean_abs_shap,mean_shap_value,median_rank,feature_group,korean_name,description,case_share
false_negative,capital_impairment_ratio,decrease_risk,16,16,0.4048071838915348,-0.4048071838915348,4.5,stability_leverage,자본잠식률,자본금 대비 자본잠식 정도,0.6956521739130435
false_negative,dividend_payer,decrease_risk,15,15,0.38529444734255475,-0.38529444734255475,4.0,market_shareholder,배당금 지급 여부,해당 회계연도에 현금배당을 지급했는지 여부,0.6521739130434783
false_negative,gross_profit,increase_risk,14,14,0.3858086307133947,0.3858086307133947,4.0,profitability_returns,매출총이익,매출총이익(손실),0.6086956521739131
false_negative,equity_ratio,decrease_risk,14,14,0.2672407595174653,-0.2672407595174653,7.5,stability_leverage,자기자본비율,총자산 대비 자기자본 비율,0.6086956521739131
false_negative,interest_coverage_ratio,increase_risk,10,10,0.3275814458727836,0.3275814458727836,6.0,profitability_returns,이자보상배율,영업이익 대비 이자비용 배수,0.43478260869565216
false_negative,total_debt_turnover,decrease_risk,10,10,0.30549116507172586,-0.30549116507172586,7.0,cashflow_structure,총부채회전율,총부채 대비 매출액 비율,0.43478260869565216
false_negative,assets_total,decrease_risk,9,9,0.5775468250115713,-0.5775468250115713,5.0,stability_leverage,자산총계,총자산,0.391304347826087
false_negative,gross_profit,decrease_risk,8,8,0.7944984082132578,-0.7944984082132578,1.5,profitability_returns,매출총이익,매출총이익(손실),0.34782608695652173
false_negative,net_margin,decrease_risk,8,8,0.39477771893143654,-0.39477771893143654,4.5,profitability_returns,순이익률,매출액 대비 당기순이익 비율,0.34782608695652173
false_negative,cashflow_coverage_ratio,decrease_risk,8,8,0.3077402152121067,-0.3077402152121067,7.0,cashflow_structure,현금흐름 커버리지,이자비용 대비 영업현금흐름 배수,0.34782608695652173
false_negative,dividend_payer,increase_risk,8,8,0.24570720270276067,0.24570720270276067,7.0,market_shareholder,배당금 지급 여부,해당 회계연도에 현금배당을 지급했는지 여부,0.34782608695652173
false_negative,listed_year,decrease_risk,7,7,0.27348757854529787,-0.27348757854529787,5.0,context,상장연도,상장일에서 추출한 연도,0.30434782608695654
false_negative,depreciation,increase_risk,7,7,0.19880441895553042,0.19880441895553042,9.0,cashflow_structure,감가상각비,감가상각비,0.30434782608695654
false_negative,depreciation,decrease_risk,6,6,0.8669644494851431,-0.8669644494851431,2.5,cashflow_structure,감가상각비,감가상각비,0.2608695652173913
false_negative,interest_coverage_ratio,decrease_risk,6,6,0.7736955483754476,-0.7736955483754476,1.0,profitability_returns,이자보상배율,영업이익 대비 이자비용 배수,0.2608695652173913
false_negative,industry_macro_category,increase_risk,6,6,0.22672368586063382,0.22672368586063382,7.5,context,산업 대분류,모델링용 산업 대분류,0.2608695652173913
false_negative,capital_impairment_ratio,increase_risk,5,5,0.41874018907546995,0.41874018907546995,4.0,stability_leverage,자본잠식률,자본금 대비 자본잠식 정도,0.21739130434782608
false_negative,firm_size_group,decrease_risk,5,5,0.35444894433021545,-0.35444894433021545,8.0,context,기업규모 그룹,모델링용 기업규모 그룹,0.21739130434782608
false_negative,equity_ratio,increase_risk,5,5,0.32727804481983186,0.32727804481983186,5.0,stability_leverage,자기자본비율,총자산 대비 자기자본 비율,0.21739130434782608
false_negative,assets_total,increase_risk,5,5,0.27748553752899163,0.27748553752899163,4.0,stability_leverage,자산총계,총자산,0.21739130434782608
false_negative,net_margin,increase_risk,4,4,0.5225438177585602,0.5225438177585602,2.5,profitability_returns,순이익률,매출액 대비 당기순이익 비율,0.17391304347826086
false_negative,short_term_borrowings_share,decrease_risk,4,4,0.4302985817193985,-0.4302985817193985,7.0,trend_early_warning,단기차입금 비중,총차입금 중 단기차입금 비중,0.17391304347826086
false_negative,net_margin_diff,decrease_risk,4,4,0.29322831332683563,-0.29322831332683563,10.0,trend_early_warning,순이익률 변화,전년 대비 순이익률 변화폭,0.17391304347826086
false_negative,firm_size_group,increase_risk,4,4,0.2902484610676765,0.2902484610676765,7.0,context,기업규모 그룹,모델링용 기업규모 그룹,0.17391304347826086
false_negative,cashflow_coverage_ratio,increase_risk,4,4,0.18674974888563153,0.18674974888563153,8.0,cashflow_structure,현금흐름 커버리지,이자비용 대비 영업현금흐름 배수,0.17391304347826086
false_negative,industry_macro_category,decrease_risk,3,3,0.7279705007870992,-0.7279705007870992,1.0,context,산업 대분류,모델링용 산업 대분류,0.13043478260869565
false_negative,market_to_book,increase_risk,3,3,0.7263664503892263,0.7263664503892263,3.0,market_shareholder,Market-to-Book,시가총액 대비 장부가치 비율,0.13043478260869565
false_negative,listed_year,increase_risk,3,3,0.41823498407999676,0.41823498407999676,6.0,context,상장연도,상장일에서 추출한 연도,0.13043478260869565
false_negative,ocf_to_sales,decrease_risk,3,3,0.2693679382403691,-0.2693679382403691,6.0,cashflow_structure,OCF/매출액,매출액 대비 영업현금흐름 비율,0.13043478260869565
false_negative,accruals_ratio,increase_risk,3,3,0.2654081284999847,0.2654081284999847,8.0,cashflow_structure,발생액 비율,총자산 대비 순이익과 영업현금흐름의 차이 (이익품질 지표),0.13043478260869565
false_negative,total_debt_turnover,increase_risk,3,3,0.2284146845340728,0.2284146845340728,8.0,cashflow_structure,총부채회전율,총부채 대비 매출액 비율,0.13043478260869565
false_negative,cash_ratio,decrease_risk,2,2,0.4365401118993759,-0.4365401118993759,5.0,stability_leverage,현금비율,유동부채 대비 현금및현금성자산 비율,0.08695652173913043
false_negative,total_borrowings_ratio,decrease_risk,2,2,0.43238259851932526,-0.43238259851932526,5.5,stability_leverage,총차입금비율,총자산 대비 총차입금 비율,0.08695652173913043
false_negative,intangible_assets_ratio,decrease_risk,2,2,0.39453527331352234,-0.39453527331352234,5.5,cashflow_structure,무형자산 비중,총자산 대비 무형자산 비율,0.08695652173913043
false_negative,ocf_to_total_borrowings,decrease_risk,2,2,0.37798211723566055,-0.37798211723566055,6.0,cashflow_structure,OCF/총차입금,총차입금 대비 영업현금흐름 비율,0.08695652173913043
false_negative,cash_ratio,increase_risk,2,2,0.27785440534353256,0.27785440534353256,6.5,stability_leverage,현금비율,유동부채 대비 현금및현금성자산 비율,0.08695652173913043
false_negative,operating_roa,decrease_risk,2,2,0.17062062770128245,-0.17062062770128245,8.5,profitability_returns,총자산영업이익률,총자산 대비 영업이익 비율,0.08695652173913043
false_negative,net_margin_diff,increase_risk,1,1,0.5208660364151001,0.5208660364151001,4.0,trend_early_warning,순이익률 변화,전년 대비 순이익률 변화폭,0.043478260869565216
false_negative,ocf_to_total_liabilities,decrease_risk,1,1,0.3366247713565826,-0.3366247713565826,8.0,cashflow_structure,OCF/부채총계,총부채 대비 영업현금흐름 비율,0.043478260869565216
false_negative,pretax_roe,increase_risk,1,1,0.260236382484436,0.260236382484436,6.0,profitability_returns,세전계속사업이익 기준 ROE,자기자본 대비 세전이익 비율,0.043478260869565216
false_negative,market,decrease_risk,1,1,0.2421025037765503,-0.2421025037765503,7.0,context,시장구분,상장시장 구분,0.043478260869565216
false_negative,short_term_borrowings_share,increase_risk,1,1,0.2114819586277008,0.2114819586277008,9.0,trend_early_warning,단기차입금 비중,총차입금 중 단기차입금 비중,0.043478260869565216
false_negative,debt_ratio,increase_risk,1,1,0.182165578007698,0.182165578007698,9.0,stability_leverage,부채비율,자기자본 대비 총부채 비율,0.043478260869565216
false_negative,pretax_roe,decrease_risk,1,1,0.1726365983486175,-0.1726365983486175,10.0,profitability_returns,세전계속사업이익 기준 ROE,자기자본 대비 세전이익 비율,0.043478260869565216
false_negative,operating_roa,increase_risk,1,1,0.1301203966140747,0.1301203966140747,9.0,profitability_returns,총자산영업이익률,총자산 대비 영업이익 비율,0.043478260869565216
false_positive,gross_profit,increase_risk,72,72,0.39617074508633876,0.39617074508633876,4.0,profitability_returns,매출총이익,매출총이익(손실),0.8888888888888888
false_positive,dividend_payer,increase_risk,58,58,0.25173607751213267,0.25173607751213267,7.0,market_shareholder,배당금 지급 여부,해당 회계연도에 현금배당을 지급했는지 여부,0.7160493827160493
false_positive,firm_size_group,increase_risk,51,51,0.2933852225542068,0.2933852225542068,6.0,context,기업규모 그룹,모델링용 기업규모 그룹,0.6296296296296297
false_positive,depreciation,increase_risk,48,48,0.1969227869994938,0.1969227869994938,8.5,cashflow_structure,감가상각비,감가상각비,0.5925925925925926
false_positive,assets_total,increase_risk,47,47,0.2824506746961715,0.2824506746961715,5.0,stability_leverage,자산총계,총자산,0.5802469135802469
false_positive,interest_coverage_ratio,increase_risk,44,44,0.43662101233547385,0.43662101233547385,3.0,profitability_returns,이자보상배율,영업이익 대비 이자비용 배수,0.5432098765432098
false_positive,capital_impairment_ratio,increase_risk,41,41,0.28522756186927234,0.28522756186927234,5.0,stability_leverage,자본잠식률,자본금 대비 자본잠식 정도,0.5061728395061729
false_positive,listed_year,increase_risk,39,39,0.49736776298437363,0.49736776298437363,2.0,context,상장연도,상장일에서 추출한 연도,0.48148148148148145
false_positive,interest_coverage_ratio,decrease_risk,31,31,0.6458757721608684,-0.6458757721608684,1.0,profitability_returns,이자보상배율,영업이익 대비 이자비용 배수,0.38271604938271603
false_positive,cashflow_coverage_ratio,decrease_risk,31,31,0.18401169824984762,-0.18401169824984762,8.0,cashflow_structure,현금흐름 커버리지,이자비용 대비 영업현금흐름 배수,0.38271604938271603
false_positive,cashflow_coverage_ratio,increase_risk,27,27,0.2533681359555986,0.2533681359555986,7.0,cashflow_structure,현금흐름 커버리지,이자비용 대비 영업현금흐름 배수,0.3333333333333333
false_positive,net_margin,increase_risk,26,26,0.4873640634692632,0.4873640634692632,3.0,profitability_returns,순이익률,매출액 대비 당기순이익 비율,0.32098765432098764
false_positive,equity_ratio,decrease_risk,24,24,0.22575418837368486,-0.22575418837368486,9.0,stability_leverage,자기자본비율,총자산 대비 자기자본 비율,0.2962962962962963
false_positive,industry_macro_category,decrease_risk,19,19,0.533528142853787,-0.533528142853787,3.0,context,산업 대분류,모델링용 산업 대분류,0.2345679012345679
false_positive,capital_impairment_ratio,decrease_risk,19,19,0.35673030583482035,-0.35673030583482035,5.0,stability_leverage,자본잠식률,자본금 대비 자본잠식 정도,0.2345679012345679
false_positive,listed_year,decrease_risk,19,19,0.33006713813857025,-0.33006713813857025,4.0,context,상장연도,상장일에서 추출한 연도,0.2345679012345679
false_positive,equity_ratio,increase_risk,16,16,0.4698935430496931,0.4698935430496931,3.5,stability_leverage,자기자본비율,총자산 대비 자기자본 비율,0.19753086419753085
false_positive,industry_macro_category,increase_risk,16,16,0.28391247522085905,0.28391247522085905,9.0,context,산업 대분류,모델링용 산업 대분류,0.19753086419753085
false_positive,dividend_payer,decrease_risk,15,15,0.38564884563287094,-0.38564884563287094,5.0,market_shareholder,배당금 지급 여부,해당 회계연도에 현금배당을 지급했는지 여부,0.18518518518518517
false_positive,net_margin_diff,increase_risk,14,14,0.7289362028241158,0.7289362028241158,2.0,trend_early_warning,순이익률 변화,전년 대비 순이익률 변화폭,0.1728395061728395
false_positive,net_margin,decrease_risk,14,14,0.4544280597141811,-0.4544280597141811,3.5,profitability_returns,순이익률,매출액 대비 당기순이익 비율,0.1728395061728395
false_positive,total_borrowings_ratio,increase_risk,14,14,0.18804376785244256,0.18804376785244256,10.0,stability_leverage,총차입금비율,총자산 대비 총차입금 비율,0.1728395061728395
false_positive,net_margin_diff,decrease_risk,13,13,0.21102528847180876,-0.21102528847180876,9.0,trend_early_warning,순이익률 변화,전년 대비 순이익률 변화폭,0.16049382716049382
false_positive,assets_total,decrease_risk,11,11,0.49440121379765595,-0.49440121379765595,5.0,stability_leverage,자산총계,총자산,0.13580246913580246
false_positive,total_assets_growth,increase_risk,9,9,0.5153227779600356,0.5153227779600356,1.0,trend_early_warning,총자산증가율,전년 대비 총자산 증가율,0.1111111111111111
false_positive,total_debt_turnover,decrease_risk,9,9,0.4251636034912533,-0.4251636034912533,4.0,cashflow_structure,총부채회전율,총부채 대비 매출액 비율,0.1111111111111111
false_positive,cash_ratio,increase_risk,8,8,0.22756734862923622,0.22756734862923622,9.0,stability_leverage,현금비율,유동부채 대비 현금및현금성자산 비율,0.09876543209876543
false_positive,gross_profit,decrease_risk,7,7,0.43678768404892515,-0.43678768404892515,4.0,profitability_returns,매출총이익,매출총이익(손실),0.08641975308641975
false_positive,depreciation,decrease_risk,6,6,0.7089761098225912,-0.7089761098225912,3.0,cashflow_structure,감가상각비,감가상각비,0.07407407407407407
false_positive,firm_size_group,decrease_risk,6,6,0.6285252024730047,-0.6285252024730047,4.5,context,기업규모 그룹,모델링용 기업규모 그룹,0.07407407407407407
false_positive,pretax_roe,increase_risk,6,6,0.39100844661394757,0.39100844661394757,7.0,profitability_returns,세전계속사업이익 기준 ROE,자기자본 대비 세전이익 비율,0.07407407407407407
false_positive,intangible_assets_ratio,decrease_risk,6,6,0.35751349727312726,-0.35751349727312726,6.5,cashflow_structure,무형자산 비중,총자산 대비 무형자산 비율,0.07407407407407407
false_positive,is_2y_consecutive_ocf_deficit,increase_risk,5,5,0.24750542044639587,0.24750542044639587,8.0,trend_early_warning,2년 연속 OCF 적자 여부,당기와 전기 모두 영업현금흐름이 음수인지 여부,0.06172839506172839
false_positive,market,decrease_risk,5,5,0.21782157123088836,-0.21782157123088836,9.0,context,시장구분,상장시장 구분,0.06172839506172839
false_positive,intangible_assets_ratio,increase_risk,4,4,0.9052862972021103,0.9052862972021103,1.5,cashflow_structure,무형자산 비중,총자산 대비 무형자산 비율,0.04938271604938271
false_positive,cash_ratio,decrease_risk,4,4,0.43004193529486656,-0.43004193529486656,3.0,stability_leverage,현금비율,유동부채 대비 현금및현금성자산 비율,0.04938271604938271
false_positive,total_borrowings_ratio,decrease_risk,4,4,0.2499994561076164,-0.2499994561076164,9.5,stability_leverage,총차입금비율,총자산 대비 총차입금 비율,0.04938271604938271
false_positive,current_ratio,increase_risk,4,4,0.23329451680183408,0.23329451680183408,8.5,stability_leverage,유동비율,유동자산 대비 유동부채 비율,0.04938271604938271
false_positive,ocf_to_sales,increase_risk,3,3,0.4660741190115611,0.4660741190115611,3.0,cashflow_structure,OCF/매출액,매출액 대비 영업현금흐름 비율,0.037037037037037035
false_positive,short_term_borrowings_share,decrease_risk,3,3,0.44007061918576557,-0.44007061918576557,6.0,trend_early_warning,단기차입금 비중,총차입금 중 단기차입금 비중,0.037037037037037035
false_positive,short_term_borrowings_share,increase_risk,3,3,0.16823267440001163,0.16823267440001163,9.0,trend_early_warning,단기차입금 비중,총차입금 중 단기차입금 비중,0.037037037037037035
false_positive,market_to_book,increase_risk,2,2,0.39082057029008865,0.39082057029008865,5.0,market_shareholder,Market-to-Book,시가총액 대비 장부가치 비율,0.024691358024691357
false_positive,operating_roa,decrease_risk,2,2,0.2193754762411117,-0.2193754762411117,8.0,profitability_returns,총자산영업이익률,총자산 대비 영업이익 비율,0.024691358024691357
false_positive,ocf_to_sales,decrease_risk,1,1,0.3144897222518921,-0.3144897222518921,4.0,cashflow_structure,OCF/매출액,매출액 대비 영업현금흐름 비율,0.012345679012345678
false_positive,accruals_ratio,increase_risk,1,1,0.2573127150535583,0.2573127150535583,8.0,cashflow_structure,발생액 비율,총자산 대비 순이익과 영업현금흐름의 차이 (이익품질 지표),0.012345679012345678
false_positive,total_assets_growth,decrease_risk,1,1,0.2472534477710724,-0.2472534477710724,9.0,trend_early_warning,총자산증가율,전년 대비 총자산 증가율,0.012345679012345678
false_positive,debt_ratio,increase_risk,1,1,0.1854359358549118,0.1854359358549118,7.0,stability_leverage,부채비율,자기자본 대비 총부채 비율,0.012345679012345678
false_positive,total_debt_turnover,increase_risk,1,1,0.1417343616485595,0.1417343616485595,10.0,cashflow_structure,총부채회전율,총부채 대비 매출액 비율,0.012345679012345678
