market,industry_macro_category,split,feature,count,mean_abs_shap,mean_signed_shap,rank_within_group
KOSDAQ,construction,test,industry_macro_category,12,0.837067132194837,-0.837067132194837,1
KOSDAQ,construction,test,gross_profit,9,0.5382860998312632,0.3109912309381697,2
KOSDAQ,construction,test,firm_size_group,2,0.531855545938015,-0.4202168360352516,3
KOSDAQ,construction,test,short_term_borrowings_share,3,0.5193521579106649,-0.5193521579106649,4
KOSDAQ,construction,test,interest_coverage_ratio,11,0.49215390059080993,-0.16592918065461246,5
KOSDAQ,construction,test,market_to_book,4,0.4663577303290367,0.4663577303290367,6
KOSDAQ,construction,test,intangible_assets_ratio,3,0.4433370530605316,0.4433370530605316,7
KOSDAQ,construction,test,assets_total,9,0.4116645140780343,-0.18176026973459455,8
KOSDAQ,construction,test,depreciation,7,0.3531688451766968,0.09759618554796491,9
KOSDAQ,construction,test,net_margin,10,0.34027180820703506,0.03688569813966751,10
KOSDAQ,construction,test,equity_ratio,5,0.32784731686115265,-0.053104671835899356,11
KOSDAQ,construction,test,capital_impairment_ratio,9,0.3112990723715888,-0.15414926409721375,12
KOSDAQ,construction,test,total_debt_turnover,6,0.2891645481189092,-0.2322667439778646,13
KOSDAQ,construction,test,cash_ratio,3,0.2858046193917592,-0.2858046193917592,14
KOSDAQ,construction,test,listed_year,5,0.2851299926638603,-0.2463545396924019,15
KOSDAQ,construction,test,dividend_payer,8,0.28017765656113625,-0.09908139705657959,16
KOSDAQ,construction,test,is_2y_consecutive_ocf_deficit,1,0.26365333795547485,0.26365333795547485,17
KOSDAQ,construction,test,total_borrowings_ratio,4,0.23425551690161228,-0.19327030889689922,18
KOSDAQ,construction,test,net_margin_diff,2,0.22204133868217468,-0.22204133868217468,19
KOSDAQ,construction,test,cashflow_coverage_ratio,5,0.17954841256141663,0.0009615302085876464,20
KOSDAQ,construction,test,pretax_roe,1,0.11891943216323853,-0.11891943216323853,21
KOSDAQ,construction,test,current_ratio,1,0.1010001003742218,-0.1010001003742218,22
KOSDAQ,construction,train,industry_macro_category,94,0.9776625842490094,-0.9776625842490094,1
KOSDAQ,construction,train,interest_coverage_ratio,87,0.6007773468549225,-0.3806650326854881,2
KOSDAQ,construction,train,ocf_to_total_borrowings,2,0.5782138407230377,-0.5782138407230377,3
KOSDAQ,construction,train,net_margin_diff,11,0.4482960606163198,0.17839089713313364,4
KOSDAQ,construction,train,short_term_borrowings_share,13,0.44569477381614536,-0.44569477381614536,5
KOSDAQ,construction,train,firm_size_group,36,0.44162298801044625,-0.3003901783376932,6
KOSDAQ,construction,train,assets_total,77,0.38965006830630367,-0.02334910650531967,7
KOSDAQ,construction,train,gross_profit,79,0.3771160322276852,0.15698809393599064,8
KOSDAQ,construction,train,total_assets_growth,9,0.366399095290237,0.23208950046035978,9
KOSDAQ,construction,train,total_debt_turnover,14,0.3662103552903448,-0.30994153767824173,10
KOSDAQ,construction,train,depreciation,28,0.3560497260519436,-0.036662102809974124,11
KOSDAQ,construction,train,capital_impairment_ratio,90,0.3403162981073062,-0.03698656078841951,12
KOSDAQ,construction,train,equity_ratio,27,0.3382404225843924,0.03149114604349489,13
KOSDAQ,construction,train,intangible_assets_ratio,12,0.33711722244819003,-0.06791405379772186,14
KOSDAQ,construction,train,debt_ratio,7,0.335567227431706,-0.335567227431706,15
KOSDAQ,construction,train,listed_year,66,0.30225226147608325,-0.29047824713316833,16
KOSDAQ,construction,train,current_ratio,6,0.29096448545654613,0.262817391504844,17
KOSDAQ,construction,train,cash_ratio,3,0.2882594168186188,-0.10700516899426778,18
KOSDAQ,construction,train,net_margin,74,0.2774914352072252,-0.1547710438435142,19
KOSDAQ,construction,train,is_2y_consecutive_ocf_deficit,1,0.2605651915073395,0.2605651915073395,20
KOSDAQ,construction,train,accruals_ratio,8,0.2572635766118765,0.21924321167171001,21
KOSDAQ,construction,train,dividend_payer,79,0.22776294216702256,0.05990716673528092,22
KOSDAQ,construction,train,ocf_to_sales,7,0.22691468681607926,-0.05275397641318185,23
KOSDAQ,construction,train,market_to_book,4,0.2201523408293724,0.008457906544208527,24
KOSDAQ,construction,train,total_borrowings_ratio,34,0.21882368777604663,-0.10741513726465843,25
KOSDAQ,construction,train,operating_roa,3,0.2092843552430471,-0.2092843552430471,26
KOSDAQ,construction,train,cashflow_coverage_ratio,69,0.19184445881325266,-0.1306984344686287,27
KOSDAQ,construction,valid,net_margin_diff,1,0.8995697498321533,0.8995697498321533,1
KOSDAQ,construction,valid,industry_macro_category,15,0.8517593661944072,-0.8517593661944072,2
KOSDAQ,construction,valid,firm_size_group,3,0.6876888771851858,-0.6101861695448557,3
KOSDAQ,construction,valid,market_to_book,4,0.6782301068305969,0.6782301068305969,4
KOSDAQ,construction,valid,interest_coverage_ratio,15,0.583788342277209,-0.3657330999771754,5
KOSDAQ,construction,valid,ocf_to_total_borrowings,1,0.5257092118263245,-0.5257092118263245,6
KOSDAQ,construction,valid,short_term_borrowings_share,2,0.5219574570655823,-0.5219574570655823,7
KOSDAQ,construction,valid,gross_profit,12,0.44842775849004585,0.2924304883927107,8
KOSDAQ,construction,valid,intangible_assets_ratio,1,0.4413606822490692,0.4413606822490692,9
KOSDAQ,construction,valid,debt_ratio,1,0.37604570388793945,-0.37604570388793945,10
KOSDAQ,construction,valid,equity_ratio,6,0.3641924237211545,-0.1575521156191826,11
KOSDAQ,construction,valid,depreciation,4,0.35999763011932373,-0.08455055952072144,12
KOSDAQ,construction,valid,assets_total,12,0.3386164841552575,-0.04621028030912081,13
KOSDAQ,construction,valid,net_margin,12,0.3113732586304347,-0.2456329216559728,14
KOSDAQ,construction,valid,listed_year,7,0.29384411445685793,-0.24817614257335663,15
KOSDAQ,construction,valid,capital_impairment_ratio,11,0.2819069596854123,-0.1494290205565366,16
KOSDAQ,construction,valid,total_borrowings_ratio,10,0.25316893458366396,-0.1626567453145981,17
KOSDAQ,construction,valid,dividend_payer,9,0.24157128731409708,-0.00461933347913954,18
KOSDAQ,construction,valid,cashflow_coverage_ratio,11,0.23644624244083057,-0.19242822311141275,19
KOSDAQ,construction,valid,operating_roa,1,0.22282534837722778,-0.22282534837722778,20
KOSDAQ,construction,valid,total_debt_turnover,6,0.22162081549564996,-0.096726489563783,21
KOSDAQ,construction,valid,cash_ratio,1,0.21129409968852997,0.21129409968852997,22
KOSDAQ,construction,valid,ocf_to_sales,3,0.20636307696501413,-0.10562800864378612,23
KOSDAQ,construction,valid,total_assets_growth,2,0.15334634110331535,0.07285628095269203,24
KOSDAQ,it_services,test,industry_macro_category,76,0.5860329364475451,-0.5860329364475451,1
KOSDAQ,it_services,test,net_margin_diff,18,0.5683187867204348,0.4753299380342166,2
KOSDAQ,it_services,test,interest_coverage_ratio,68,0.5364243324626895,-0.11503463304218124,3
KOSDAQ,it_services,test,gross_profit,69,0.5008628305749617,0.06912076149297797,4
KOSDAQ,it_services,test,net_margin,54,0.4757316714083707,-0.025865988047034653,5
KOSDAQ,it_services,test,market_to_book,5,0.4719644129276276,0.4719644129276276,6
KOSDAQ,it_services,test,total_assets_growth,8,0.427129901945591,0.427129901945591,7
KOSDAQ,it_services,test,firm_size_group,46,0.4264810741271662,0.027097499079030495,8
KOSDAQ,it_services,test,assets_total,59,0.41956379049915377,0.06423649444418439,9
KOSDAQ,it_services,test,short_term_borrowings_share,8,0.41346196457743645,-0.41346196457743645,10
KOSDAQ,it_services,test,ocf_to_total_borrowings,5,0.4123140245676041,-0.32118513286113737,11
KOSDAQ,it_services,test,intangible_assets_ratio,12,0.3855772949755192,-0.3855772949755192,12
KOSDAQ,it_services,test,depreciation,28,0.38333058304020334,0.0038459934294223785,13
KOSDAQ,it_services,test,dividend_payer,73,0.3212458383138866,0.05261295972621604,14
KOSDAQ,it_services,test,debt_ratio,13,0.3125438426549618,-0.260841130064084,15
KOSDAQ,it_services,test,equity_ratio,31,0.30995958562820186,-0.15433615446090698,16
KOSDAQ,it_services,test,listed_year,40,0.30371906571090224,0.08566706962883472,17
KOSDAQ,it_services,test,total_debt_turnover,8,0.30315142683684826,-0.30315142683684826,18
KOSDAQ,it_services,test,total_borrowings_ratio,37,0.3026911374684927,-0.21978144226847468,19
KOSDAQ,it_services,test,ocf_to_total_liabilities,1,0.29302746057510376,-0.29302746057510376,20
KOSDAQ,it_services,test,accruals_ratio,7,0.27332291432789396,0.27332291432789396,21
KOSDAQ,it_services,test,cash_ratio,19,0.2718215380844317,0.11918719975571883,22
KOSDAQ,it_services,test,current_ratio,2,0.26928897202014923,0.26928897202014923,23
KOSDAQ,it_services,test,pretax_roe,2,0.25932352989912033,0.03561434894800186,24
KOSDAQ,it_services,test,cashflow_coverage_ratio,44,0.25125479410317814,-0.10676555860448968,25
KOSDAQ,it_services,test,capital_impairment_ratio,32,0.2309503429569304,-0.13227415783330798,26
KOSDAQ,it_services,test,ocf_to_sales,3,0.20253528654575348,0.08288873732089996,27
KOSDAQ,it_services,test,operating_roa,2,0.16018596291542053,-0.16018596291542053,28
KOSDAQ,it_services,train,interest_coverage_ratio,283,0.6001897424775383,-0.34894854714929424,1
KOSDAQ,it_services,train,industry_macro_category,305,0.555297544158873,-0.555297544158873,2
KOSDAQ,it_services,train,ocf_to_total_borrowings,28,0.4854179344006947,-0.4854179344006947,3
KOSDAQ,it_services,train,short_term_borrowings_share,44,0.47274288298054173,-0.47274288298054173,4
KOSDAQ,it_services,train,gross_profit,260,0.47235899584797714,0.16618798323548756,5
KOSDAQ,it_services,train,firm_size_group,204,0.451897162907556,0.017471206356205193,6
KOSDAQ,it_services,train,net_margin,216,0.43372864955691276,-0.1445419966691622,7
KOSDAQ,it_services,train,depreciation,93,0.43107902803408205,-0.10287149562951058,8
KOSDAQ,it_services,train,assets_total,242,0.428574043056689,0.04916706970654243,9
KOSDAQ,it_services,train,net_margin_diff,35,0.4141908458300999,0.0641468414238521,10
KOSDAQ,it_services,train,total_assets_growth,20,0.40717477947473524,0.3755003198981285,11
KOSDAQ,it_services,train,market_to_book,12,0.3778340282539527,0.2725720840195815,12
KOSDAQ,it_services,train,intangible_assets_ratio,55,0.367365641485561,-0.3300115184350447,13
KOSDAQ,it_services,train,equity_ratio,126,0.3233381215305555,-0.19707195661843768,14
KOSDAQ,it_services,train,dividend_payer,291,0.32267890568451374,-0.007812462209426251,15
KOSDAQ,it_services,train,total_borrowings_ratio,166,0.3219411410840161,-0.23708188264484864,16
KOSDAQ,it_services,train,total_debt_turnover,34,0.30203571608837915,-0.30203571608837915,17
KOSDAQ,it_services,train,pretax_roe,5,0.30180576741695403,0.1647808223962784,18
KOSDAQ,it_services,train,current_ratio,15,0.2976535389820735,0.2976535389820735,19
KOSDAQ,it_services,train,debt_ratio,61,0.2923323043057176,-0.2778757346458122,20
KOSDAQ,it_services,train,cash_ratio,56,0.2879235183021852,0.001596855531845774,21
KOSDAQ,it_services,train,listed_year,144,0.2862975703966286,-0.04059373225188918,22
KOSDAQ,it_services,train,accruals_ratio,16,0.2726465677842498,0.2726465677842498,23
KOSDAQ,it_services,train,ocf_to_total_liabilities,4,0.2704494148492813,-0.2704494148492813,24
KOSDAQ,it_services,train,ocf_to_sales,31,0.2545376213327531,-0.09342505903013291,25
KOSDAQ,it_services,train,capital_impairment_ratio,156,0.24923647061372414,-0.11128039887318245,26
KOSDAQ,it_services,train,cashflow_coverage_ratio,184,0.23975503894136005,-0.15443471944688456,27
KOSDAQ,it_services,train,is_2y_consecutive_ocf_deficit,2,0.20466388761997223,0.20466388761997223,28
KOSDAQ,it_services,train,operating_roa,12,0.19516190141439438,-0.19516190141439438,29
KOSDAQ,it_services,valid,industry_macro_category,83,0.5730606604771442,-0.5730606604771442,1
KOSDAQ,it_services,valid,interest_coverage_ratio,75,0.5397553302844366,-0.1717316108942032,2
KOSDAQ,it_services,valid,gross_profit,73,0.506559575665487,0.14745539630929086,3
KOSDAQ,it_services,valid,net_margin,55,0.5050273960286921,0.0056347570636055685,4
KOSDAQ,it_services,valid,ocf_to_total_borrowings,9,0.492275380425983,-0.44816601607534623,5
KOSDAQ,it_services,valid,firm_size_group,51,0.468378618943925,0.0026061315746868357,6
KOSDAQ,it_services,valid,market_to_book,7,0.46420597391469137,0.407824701496533,7
KOSDAQ,it_services,valid,net_margin_diff,12,0.4499862951536973,0.22344155982136726,8
KOSDAQ,it_services,valid,short_term_borrowings_share,11,0.4359556097875942,-0.4359556097875942,9
KOSDAQ,it_services,valid,assets_total,62,0.43043523450051585,0.022319627384985646,10
KOSDAQ,it_services,valid,depreciation,30,0.4077041248480479,-0.039079121748606366,11
KOSDAQ,it_services,valid,intangible_assets_ratio,12,0.4019853522380193,-0.4019853522380193,12
KOSDAQ,it_services,valid,equity_ratio,35,0.35033086538314817,-0.18469875710351127,13
KOSDAQ,it_services,valid,dividend_payer,76,0.32534968754962873,-0.0289702911518122,14
KOSDAQ,it_services,valid,listed_year,37,0.3192824890484681,0.07813648436520551,15
KOSDAQ,it_services,valid,debt_ratio,14,0.3156605064868927,-0.2921141322169985,16
KOSDAQ,it_services,valid,total_borrowings_ratio,44,0.3089853110299869,-0.20600618032569235,17
KOSDAQ,it_services,valid,pretax_roe,2,0.30085912346839905,0.30085912346839905,18
KOSDAQ,it_services,valid,accruals_ratio,6,0.2950909957289696,0.2950909957289696,19
KOSDAQ,it_services,valid,ocf_to_sales,6,0.29314714670181274,-0.2172704885403315,20
KOSDAQ,it_services,valid,current_ratio,9,0.28827296362982857,0.28827296362982857,21
KOSDAQ,it_services,valid,cash_ratio,14,0.2851805548582758,0.06901056958096367,22
KOSDAQ,it_services,valid,total_debt_turnover,7,0.26391912358147757,-0.21945388402257646,23
KOSDAQ,it_services,valid,total_assets_growth,4,0.2608487233519554,0.2608487233519554,24
KOSDAQ,it_services,valid,cashflow_coverage_ratio,55,0.25524726659059527,-0.12924869155341928,25
KOSDAQ,it_services,valid,capital_impairment_ratio,38,0.24810384527633064,-0.08559900914367877,26
KOSDAQ,it_services,valid,operating_roa,3,0.18463516235351562,-0.18463516235351562,27
KOSDAQ,manufacturing,test,interest_coverage_ratio,248,0.520029945058688,-0.04314680079058293,1
KOSDAQ,manufacturing,test,total_assets_growth,21,0.4615132375842049,0.4615132375842049,2
KOSDAQ,manufacturing,test,gross_profit,248,0.426774290540526,0.27950465138400754,3
KOSDAQ,manufacturing,test,ocf_to_total_borrowings,8,0.41900675371289253,-0.41900675371289253,4
KOSDAQ,manufacturing,test,net_margin,191,0.41299861638333785,0.03277216968736099,5
KOSDAQ,manufacturing,test,short_term_borrowings_share,33,0.4061803228475831,-0.37577298035224277,6
KOSDAQ,manufacturing,test,equity_ratio,138,0.3982152448616166,-0.12933246575403903,7
KOSDAQ,manufacturing,test,net_margin_diff,76,0.38794847538596705,0.10206637139383115,8
KOSDAQ,manufacturing,test,intangible_assets_ratio,23,0.3876259935938794,0.03082677592401919,9
KOSDAQ,manufacturing,test,market_to_book,8,0.3795458935201168,0.3255629949271679,10
KOSDAQ,manufacturing,test,depreciation,122,0.3762251418389258,-0.0072646858017952716,11
KOSDAQ,manufacturing,test,assets_total,186,0.36295792921095765,0.015969325658134234,12
KOSDAQ,manufacturing,test,listed_year,162,0.355782618953122,0.021749602515756347,13
KOSDAQ,manufacturing,test,capital_impairment_ratio,197,0.354425689517544,-0.12297245171772042,14
KOSDAQ,manufacturing,test,total_debt_turnover,77,0.33534700336394374,-0.270647869868712,15
KOSDAQ,manufacturing,test,dividend_payer,258,0.3336484036011289,-0.01871920174868532,16
KOSDAQ,manufacturing,test,firm_size_group,144,0.31759439693349933,0.19913412097634542,17
KOSDAQ,manufacturing,test,debt_ratio,87,0.30478726978274595,-0.23678384036168285,18
KOSDAQ,manufacturing,test,cash_ratio,50,0.2820943906903267,-0.03243989199399948,19
KOSDAQ,manufacturing,test,total_borrowings_ratio,121,0.2674091400440074,-0.15190022420292057,20
KOSDAQ,manufacturing,test,current_ratio,37,0.25903818333471146,0.2343947428303796,21
KOSDAQ,manufacturing,test,accruals_ratio,19,0.2432015236271055,0.23527571598165914,22
KOSDAQ,manufacturing,test,ocf_to_sales,40,0.23945394568145276,-0.11926251538097858,23
KOSDAQ,manufacturing,test,is_2y_consecutive_ocf_deficit,9,0.23757609062724644,0.23757609062724644,24
KOSDAQ,manufacturing,test,ocf_to_total_liabilities,6,0.2274983748793602,-0.1720184658964475,25
KOSDAQ,manufacturing,test,cashflow_coverage_ratio,161,0.22663831872784573,-0.05134788724761572,26
KOSDAQ,manufacturing,test,pretax_roe,11,0.21088121966882187,0.1821205968206579,27
KOSDAQ,manufacturing,test,operating_roa,4,0.18118881061673164,-0.18118881061673164,28
KOSDAQ,manufacturing,test,industry_macro_category,38,0.1582740580565051,0.1582740580565051,29
KOSDAQ,manufacturing,test,market,7,0.10216249738420759,0.10216249738420759,30
KOSDAQ,manufacturing,train,interest_coverage_ratio,1349,0.575310258610413,-0.21256545978046684,1
KOSDAQ,manufacturing,train,ocf_to_total_borrowings,55,0.46027339669791134,-0.3962894772941416,2
KOSDAQ,manufacturing,train,short_term_borrowings_share,142,0.4487901918170318,-0.43626496778197693,3
KOSDAQ,manufacturing,train,gross_profit,1257,0.43594330703349177,0.2898022758884855,4
KOSDAQ,manufacturing,train,equity_ratio,768,0.4138607608329039,-0.13810018939936222,5
KOSDAQ,manufacturing,train,market_to_book,57,0.40267072474224525,0.31937185884044883,6
KOSDAQ,manufacturing,train,net_margin_diff,283,0.394803198692866,0.09059414659814363,7
KOSDAQ,manufacturing,train,intangible_assets_ratio,99,0.3830500172846245,-0.06909302689812401,8
KOSDAQ,manufacturing,train,net_margin,1103,0.3674545811855674,-0.0765924792422669,9
KOSDAQ,manufacturing,train,total_assets_growth,96,0.34644756373018026,0.3150943511476119,10
KOSDAQ,manufacturing,train,depreciation,555,0.3391595802462853,0.028651825815170735,11
KOSDAQ,manufacturing,train,capital_impairment_ratio,1091,0.33811791873546393,-0.10582589518575905,12
KOSDAQ,manufacturing,train,total_debt_turnover,418,0.3288441820685088,-0.2734628761606068,13
KOSDAQ,manufacturing,train,dividend_payer,1333,0.32873700518896054,-0.03271744707117202,14
KOSDAQ,manufacturing,train,assets_total,959,0.325402033978508,0.10919973412693727,15
KOSDAQ,manufacturing,train,firm_size_group,851,0.3225922835804741,0.2176143473624903,16
KOSDAQ,manufacturing,train,debt_ratio,506,0.3158611112196926,-0.23984101276270486,17
KOSDAQ,manufacturing,train,listed_year,750,0.3084605679412683,-0.10614104041457176,18
KOSDAQ,manufacturing,train,cash_ratio,231,0.29869409666690994,-0.0009361937061532752,19
KOSDAQ,manufacturing,train,is_2y_consecutive_ocf_deficit,45,0.28055741356478797,0.28055741356478797,20
KOSDAQ,manufacturing,train,current_ratio,210,0.2731220821539561,0.2613851244960512,21
KOSDAQ,manufacturing,train,total_borrowings_ratio,661,0.26169061920015246,-0.12498364183888312,22
KOSDAQ,manufacturing,train,pretax_roe,56,0.25559632533362936,0.25559632533362936,23
KOSDAQ,manufacturing,train,ocf_to_sales,129,0.23524569991485092,-0.12481867192789566,24
KOSDAQ,manufacturing,train,accruals_ratio,115,0.22986198838638222,0.20771060190770937,25
KOSDAQ,manufacturing,train,cashflow_coverage_ratio,878,0.22495309451853768,-0.1080909928726987,26
KOSDAQ,manufacturing,train,operating_roa,70,0.19981009289622306,-0.16810990156871933,27
KOSDAQ,manufacturing,train,ocf_to_total_liabilities,16,0.18882778845727444,-0.002934926189482212,28
KOSDAQ,manufacturing,train,industry_macro_category,233,0.16790049938812787,0.16790049938812787,29
KOSDAQ,manufacturing,train,market,4,0.10459156520664692,0.10459156520664692,30
KOSDAQ,manufacturing,valid,interest_coverage_ratio,259,0.5383645663735489,-0.11869663857355081,1
KOSDAQ,manufacturing,valid,short_term_borrowings_share,37,0.47973906329354726,-0.4744850737420288,2
KOSDAQ,manufacturing,valid,ocf_to_total_borrowings,16,0.4578816434368491,-0.4281682940199971,3
KOSDAQ,manufacturing,valid,gross_profit,253,0.43946963772472186,0.2579558664866587,4
KOSDAQ,manufacturing,valid,net_margin_diff,66,0.4161912177999814,0.11563531264211192,5
KOSDAQ,manufacturing,valid,net_margin,220,0.4096853631125255,-0.02535906220701608,6
KOSDAQ,manufacturing,valid,equity_ratio,148,0.4027195994717044,-0.13517686029946482,7
KOSDAQ,manufacturing,valid,market_to_book,13,0.37276947784882325,0.2747579188301013,8
KOSDAQ,manufacturing,valid,capital_impairment_ratio,207,0.3550324507309619,-0.08095994955243696,9
KOSDAQ,manufacturing,valid,assets_total,180,0.3506378701991505,0.039111475149790444,10
KOSDAQ,manufacturing,valid,intangible_assets_ratio,22,0.347409555519169,0.08208195086229932,11
KOSDAQ,manufacturing,valid,depreciation,127,0.3446765166568005,0.029144306821147287,12
KOSDAQ,manufacturing,valid,total_debt_turnover,82,0.34236755667299756,-0.28007683221523355,13
KOSDAQ,manufacturing,valid,listed_year,159,0.3413517153675451,0.004811243534837879,14
KOSDAQ,manufacturing,valid,dividend_payer,264,0.33193567033969995,-0.037441014114654426,15
KOSDAQ,manufacturing,valid,debt_ratio,92,0.31358401299170824,-0.250430209643167,16
KOSDAQ,manufacturing,valid,firm_size_group,158,0.3047042921468427,0.22705557286927971,17
KOSDAQ,manufacturing,valid,cash_ratio,46,0.29545390897470974,-0.06255213883907898,18
KOSDAQ,manufacturing,valid,current_ratio,27,0.28455842037995654,0.266774735516972,19
KOSDAQ,manufacturing,valid,total_assets_growth,16,0.28430476086214185,0.23602186469361186,20
KOSDAQ,manufacturing,valid,total_borrowings_ratio,120,0.2597408958400289,-0.145646909934779,21
KOSDAQ,manufacturing,valid,is_2y_consecutive_ocf_deficit,18,0.2566334423091676,0.2566334423091676,22
KOSDAQ,manufacturing,valid,ocf_to_sales,32,0.25153952836990356,-0.05493359733372927,23
KOSDAQ,manufacturing,valid,pretax_roe,18,0.2502256921595997,0.19636913885672888,24
KOSDAQ,manufacturing,valid,cashflow_coverage_ratio,157,0.22219033895214652,-0.05782490195172608,25
KOSDAQ,manufacturing,valid,accruals_ratio,16,0.2091256924904883,0.19975264323875308,26
KOSDAQ,manufacturing,valid,ocf_to_total_liabilities,2,0.20425786823034286,-0.05309004336595535,27
KOSDAQ,manufacturing,valid,operating_roa,11,0.19244737245819785,-0.0605001070282676,28
KOSDAQ,manufacturing,valid,industry_macro_category,38,0.1637547190644239,0.1637547190644239,29
KOSDAQ,manufacturing,valid,pretax_roa,1,0.08730654418468475,-0.08730654418468475,30
KOSDAQ,manufacturing,valid,market,5,0.07510022073984146,0.07510022073984146,31
KOSDAQ,other,test,industry_macro_category,3,0.9287038246790568,-0.9287038246790568,1
KOSDAQ,other,test,interest_coverage_ratio,2,0.7240285277366638,-0.7240285277366638,2
KOSDAQ,other,test,total_debt_turnover,1,0.4904539883136749,-0.4904539883136749,3
KOSDAQ,other,test,firm_size_group,1,0.3372573256492615,0.3372573256492615,4
KOSDAQ,other,test,assets_total,3,0.3332751492659251,-0.1270411709944407,5
KOSDAQ,other,test,cash_ratio,1,0.32461410760879517,0.32461410760879517,6
KOSDAQ,other,test,gross_profit,3,0.29524943729241687,0.08128618697325389,7
KOSDAQ,other,test,dividend_payer,3,0.2940112253030141,0.08475179473559062,8
KOSDAQ,other,test,total_borrowings_ratio,2,0.2546811178326607,-0.15430452674627304,9
KOSDAQ,other,test,capital_impairment_ratio,2,0.24093849956989288,-0.24093849956989288,10
KOSDAQ,other,test,cashflow_coverage_ratio,3,0.19028595089912415,-0.1028096576531728,11
KOSDAQ,other,test,depreciation,1,0.17742857336997986,0.17742857336997986,12
KOSDAQ,other,test,operating_roa,1,0.1665761023759842,-0.1665761023759842,13
KOSDAQ,other,test,listed_year,1,0.16388680040836334,0.16388680040836334,14
KOSDAQ,other,test,net_margin_diff,1,0.15965886414051056,-0.15965886414051056,15
KOSDAQ,other,test,ocf_to_sales,1,0.15339557826519012,-0.15339557826519012,16
KOSDAQ,other,test,net_margin,1,0.09982804954051971,-0.09982804954051971,17
KOSDAQ,other,train,industry_macro_category,19,0.9180735882959867,-0.9180735882959867,1
KOSDAQ,other,train,interest_coverage_ratio,19,0.8051070751328218,-0.7371401637792587,2
KOSDAQ,other,train,total_assets_growth,1,0.7009357213973999,0.7009357213973999,3
KOSDAQ,other,train,ocf_to_total_borrowings,3,0.43641671041647595,-0.43641671041647595,4
KOSDAQ,other,train,short_term_borrowings_share,6,0.4142050544420878,-0.4142050544420878,5
KOSDAQ,other,train,equity_ratio,8,0.39257385209202766,-0.279143612831831,6
KOSDAQ,other,train,gross_profit,16,0.38590211793780327,0.22946960106492043,7
KOSDAQ,other,train,net_margin,17,0.35935355547596426,-0.2777601121103062,8
KOSDAQ,other,train,total_borrowings_ratio,11,0.32135769860310986,-0.26148736070502887,9
KOSDAQ,other,train,total_debt_turnover,8,0.3164445273578167,-0.3164445273578167,10
KOSDAQ,other,train,firm_size_group,6,0.31395972271760303,0.31395972271760303,11
KOSDAQ,other,train,accruals_ratio,1,0.3088238835334778,0.3088238835334778,12
KOSDAQ,other,train,debt_ratio,6,0.30200573056936264,-0.30200573056936264,13
KOSDAQ,other,train,dividend_payer,18,0.29232921534114414,-0.01314128769768609,14
KOSDAQ,other,train,assets_total,11,0.29157865047454834,0.0053255558013916016,15
KOSDAQ,other,train,capital_impairment_ratio,11,0.28661866079677234,0.0026245388117703524,16
KOSDAQ,other,train,cashflow_coverage_ratio,16,0.28066403791308403,-0.28066403791308403,17
KOSDAQ,other,train,cash_ratio,7,0.2792491614818573,0.11921847292355128,18
KOSDAQ,other,train,listed_year,1,0.23282644152641296,0.23282644152641296,19
KOSDAQ,other,train,current_ratio,1,0.2258308231830597,0.2258308231830597,20
KOSDAQ,other,train,depreciation,3,0.17652718722820282,0.17652718722820282,21
KOSDAQ,other,train,operating_roa,1,0.12736424803733826,-0.12736424803733826,22
KOSDAQ,other,valid,industry_macro_category,4,0.9301894754171371,-0.9301894754171371,1
KOSDAQ,other,valid,firm_size_group,2,0.7417646646499634,-0.39398276805877686,2
KOSDAQ,other,valid,interest_coverage_ratio,4,0.5508777350187302,-0.5508777350187302,3
KOSDAQ,other,valid,total_debt_turnover,1,0.3966202139854431,-0.3966202139854431,4
KOSDAQ,other,valid,cash_ratio,2,0.35206685960292816,-0.0511559396982193,5
KOSDAQ,other,valid,gross_profit,4,0.3371850401163101,-0.14492347836494446,6
KOSDAQ,other,valid,equity_ratio,1,0.30562812089920044,-0.30562812089920044,7
KOSDAQ,other,valid,dividend_payer,4,0.2846905514597893,0.10252917557954788,8
KOSDAQ,other,valid,assets_total,4,0.2841734290122986,-0.129964217543602,9
KOSDAQ,other,valid,net_margin,4,0.27469048649072647,-0.27469048649072647,10
KOSDAQ,other,valid,total_borrowings_ratio,2,0.2430119924247265,-0.14387654140591621,11
KOSDAQ,other,valid,capital_impairment_ratio,3,0.22950791815916696,-0.22950791815916696,12
KOSDAQ,other,valid,operating_roa,1,0.20956997573375702,-0.20956997573375702,13
KOSDAQ,other,valid,cashflow_coverage_ratio,3,0.20677450795968375,-0.20677450795968375,14
KOSDAQ,other,valid,ocf_to_sales,1,0.17924189567565918,-0.17924189567565918,15
KOSDAQ,transport_storage,test,listed_year,2,0.6316113471984863,0.6316113471984863,1
KOSDAQ,transport_storage,test,assets_total,2,0.45356395840644836,-0.45356395840644836,2
KOSDAQ,transport_storage,test,total_debt_turnover,2,0.41490817070007324,-0.41490817070007324,3
KOSDAQ,transport_storage,test,dividend_payer,2,0.4064445197582245,-0.4064445197582245,4
KOSDAQ,transport_storage,test,gross_profit,2,0.3783731609582901,-0.3783731609582901,5
KOSDAQ,transport_storage,test,cashflow_coverage_ratio,1,0.24888189136981964,0.24888189136981964,6
KOSDAQ,transport_storage,test,firm_size_group,1,0.2416727989912033,0.2416727989912033,7
KOSDAQ,transport_storage,test,interest_coverage_ratio,1,0.23530636727809906,-0.23530636727809906,8
KOSDAQ,transport_storage,test,net_margin_diff,1,0.1572573035955429,-0.1572573035955429,9
KOSDAQ,transport_storage,test,capital_impairment_ratio,1,0.1458098590373993,-0.1458098590373993,10
KOSDAQ,transport_storage,test,depreciation,1,0.14531509578227997,0.14531509578227997,11
KOSDAQ,transport_storage,test,pretax_roe,1,0.14334145188331604,0.14334145188331604,12
KOSDAQ,transport_storage,test,industry_macro_category,1,0.12157746404409409,-0.12157746404409409,13
KOSDAQ,transport_storage,test,net_margin,1,0.11703126132488251,-0.11703126132488251,14
KOSDAQ,transport_storage,test,short_term_borrowings_share,1,0.11376649886369705,0.11376649886369705,15
KOSDAQ,transport_storage,train,listed_year,5,0.6880572974681854,0.42684815526008607,1
KOSDAQ,transport_storage,train,interest_coverage_ratio,5,0.5869837582111359,-0.5869837582111359,2
KOSDAQ,transport_storage,train,gross_profit,5,0.44352686405181885,0.2426501750946045,3
KOSDAQ,transport_storage,train,dividend_payer,5,0.34313193559646604,-0.125246262550354,4
KOSDAQ,transport_storage,train,assets_total,5,0.29703767895698546,0.16486453413963317,5
KOSDAQ,transport_storage,train,industry_macro_category,1,0.29060930013656616,-0.29060930013656616,6
KOSDAQ,transport_storage,train,total_debt_turnover,3,0.28553377588589984,-0.28553377588589984,7
KOSDAQ,transport_storage,train,equity_ratio,1,0.26670920848846436,0.26670920848846436,8
KOSDAQ,transport_storage,train,depreciation,2,0.26628584414720535,0.26628584414720535,9
KOSDAQ,transport_storage,train,capital_impairment_ratio,4,0.23208652809262276,-0.23208652809262276,10
KOSDAQ,transport_storage,train,firm_size_group,2,0.22848553955554962,0.11857689917087555,11
KOSDAQ,transport_storage,train,net_margin,3,0.21610502898693085,-0.21610502898693085,12
KOSDAQ,transport_storage,train,pretax_roe,1,0.20031242072582245,0.20031242072582245,13
KOSDAQ,transport_storage,train,market_to_book,1,0.1731705516576767,-0.1731705516576767,14
KOSDAQ,transport_storage,train,total_assets_growth,1,0.16860032081604004,0.16860032081604004,15
KOSDAQ,transport_storage,train,total_borrowings_ratio,4,0.16681596264243126,-0.07061396911740303,16
KOSDAQ,transport_storage,train,cashflow_coverage_ratio,2,0.1280820444226265,-0.1280820444226265,17
KOSDAQ,transport_storage,valid,listed_year,1,0.7551993131637573,0.7551993131637573,1
KOSDAQ,transport_storage,valid,gross_profit,1,0.7308595776557922,-0.7308595776557922,2
KOSDAQ,transport_storage,valid,interest_coverage_ratio,1,0.7140390872955322,-0.7140390872955322,3
KOSDAQ,transport_storage,valid,assets_total,1,0.4282018840312958,-0.4282018840312958,4
KOSDAQ,transport_storage,valid,dividend_payer,1,0.3904680609703064,-0.3904680609703064,5
KOSDAQ,transport_storage,valid,net_margin,1,0.3673717677593231,-0.3673717677593231,6
KOSDAQ,transport_storage,valid,total_debt_turnover,1,0.3054567873477936,-0.3054567873477936,7
KOSDAQ,transport_storage,valid,ocf_to_sales,1,0.24646532535552979,-0.24646532535552979,8
KOSDAQ,transport_storage,valid,ocf_to_total_liabilities,1,0.23364853858947754,-0.23364853858947754,9
KOSDAQ,transport_storage,valid,cashflow_coverage_ratio,1,0.20381544530391693,-0.20381544530391693,10
KOSDAQ,wholesale_retail,test,industry_macro_category,16,0.5921999029815197,0.5566401705145836,1
KOSDAQ,wholesale_retail,test,gross_profit,14,0.5288526596767562,0.272390532706465,2
KOSDAQ,wholesale_retail,test,interest_coverage_ratio,12,0.5101844693223635,0.14847576866547266,3
KOSDAQ,wholesale_retail,test,market_to_book,1,0.47466951608657837,0.47466951608657837,4
KOSDAQ,wholesale_retail,test,net_margin,10,0.44718876034021376,0.35067261308431624,5
KOSDAQ,wholesale_retail,test,short_term_borrowings_share,2,0.4402550458908081,-0.4402550458908081,6
KOSDAQ,wholesale_retail,test,firm_size_group,11,0.42602963881059125,0.1649995662949302,7
KOSDAQ,wholesale_retail,test,assets_total,9,0.40951205293337506,0.017393963204489812,8
KOSDAQ,wholesale_retail,test,listed_year,7,0.39624595642089844,0.06029172454561506,9
KOSDAQ,wholesale_retail,test,capital_impairment_ratio,12,0.38767513260245323,0.020544681698083878,10
KOSDAQ,wholesale_retail,test,dividend_payer,16,0.37528084125369787,0.01706970762461424,11
KOSDAQ,wholesale_retail,test,cash_ratio,8,0.367338664829731,-0.036594241857528687,12
KOSDAQ,wholesale_retail,test,depreciation,9,0.3565095116694768,0.15310331020090315,13
KOSDAQ,wholesale_retail,test,total_debt_turnover,7,0.3496483053479876,-0.3496483053479876,14
KOSDAQ,wholesale_retail,test,current_ratio,2,0.30509790778160095,0.30509790778160095,15
KOSDAQ,wholesale_retail,test,equity_ratio,8,0.298753309994936,-0.14464540407061577,16
KOSDAQ,wholesale_retail,test,debt_ratio,3,0.2847118526697159,-0.2847118526697159,17
KOSDAQ,wholesale_retail,test,total_borrowings_ratio,3,0.263905664285024,0.04006338119506836,18
KOSDAQ,wholesale_retail,test,ocf_to_sales,1,0.25367170572280884,-0.25367170572280884,19
KOSDAQ,wholesale_retail,test,intangible_assets_ratio,1,0.24301214516162872,-0.24301214516162872,20
KOSDAQ,wholesale_retail,test,ocf_to_total_liabilities,1,0.2252204716205597,-0.2252204716205597,21
KOSDAQ,wholesale_retail,test,cashflow_coverage_ratio,4,0.22308794409036636,0.030244536697864532,22
KOSDAQ,wholesale_retail,test,pretax_roe,2,0.2049737572669983,0.2049737572669983,23
KOSDAQ,wholesale_retail,test,net_margin_diff,1,0.13571889698505402,-0.13571889698505402,24
KOSDAQ,wholesale_retail,train,interest_coverage_ratio,91,0.6133152618185505,-0.24100859561464288,1
KOSDAQ,wholesale_retail,train,industry_macro_category,86,0.6091488066107728,0.5985923153023387,2
KOSDAQ,wholesale_retail,train,net_margin_diff,15,0.5971418807903925,0.42089886367321017,3
KOSDAQ,wholesale_retail,train,gross_profit,88,0.5758114452050491,0.22879902832210064,4
KOSDAQ,wholesale_retail,train,intangible_assets_ratio,12,0.5219168538848559,-0.1564613158504168,5
KOSDAQ,wholesale_retail,train,firm_size_group,72,0.49114346586995655,0.11391694264279471,6
KOSDAQ,wholesale_retail,train,total_assets_growth,10,0.48385834842920306,0.443198461830616,7
KOSDAQ,wholesale_retail,train,assets_total,75,0.46235196153322855,0.07309962828954061,8
KOSDAQ,wholesale_retail,train,net_margin,72,0.43117662529564565,-0.0670215736867653,9
KOSDAQ,wholesale_retail,train,dividend_payer,96,0.39996157633140683,-0.023208977809796732,10
KOSDAQ,wholesale_retail,train,total_debt_turnover,23,0.3895497393348943,-0.3895497393348943,11
KOSDAQ,wholesale_retail,train,ocf_to_total_borrowings,2,0.37890519946813583,-0.1518971100449562,12
KOSDAQ,wholesale_retail,train,capital_impairment_ratio,81,0.3511962988126425,-0.11076563394364015,13
KOSDAQ,wholesale_retail,train,equity_ratio,43,0.34926995080570844,-0.14574695395868878,14
KOSDAQ,wholesale_retail,train,short_term_borrowings_share,7,0.33972057913030895,-0.27493220780576977,15
KOSDAQ,wholesale_retail,train,listed_year,47,0.33822597341334565,-0.09383778052127108,16
KOSDAQ,wholesale_retail,train,depreciation,36,0.3064120329088635,0.1259338367316458,17
KOSDAQ,wholesale_retail,train,debt_ratio,23,0.3063724151124125,-0.27576763927936554,18
KOSDAQ,wholesale_retail,train,total_borrowings_ratio,29,0.3002829672447566,-0.2149796724833291,19
KOSDAQ,wholesale_retail,train,cash_ratio,12,0.2943907367686431,0.02569157009323438,20
KOSDAQ,wholesale_retail,train,ocf_to_total_liabilities,2,0.2841666638851166,-0.2841666638851166,21
KOSDAQ,wholesale_retail,train,current_ratio,8,0.27775857597589493,0.27775857597589493,22
KOSDAQ,wholesale_retail,train,market_to_book,3,0.2599905729293823,0.05061548948287964,23
KOSDAQ,wholesale_retail,train,operating_roa,5,0.22861981987953187,-0.15259207487106324,24
KOSDAQ,wholesale_retail,train,pretax_roe,4,0.21923383325338364,0.15370573848485947,25
KOSDAQ,wholesale_retail,train,ocf_to_sales,2,0.21423304080963135,0.05145376920700073,26
KOSDAQ,wholesale_retail,train,is_2y_consecutive_ocf_deficit,3,0.19959528744220734,0.19959528744220734,27
KOSDAQ,wholesale_retail,train,cashflow_coverage_ratio,41,0.1993082020340896,-0.1067322172769686,28
KOSDAQ,wholesale_retail,train,accruals_ratio,2,0.18789443373680115,0.028610438108444214,29
KOSDAQ,wholesale_retail,valid,total_assets_growth,1,0.7378321290016174,0.7378321290016174,1
KOSDAQ,wholesale_retail,valid,industry_macro_category,19,0.6282355291278738,0.6010700315237045,2
KOSDAQ,wholesale_retail,valid,interest_coverage_ratio,18,0.5135273221466277,-0.13155867490503523,3
KOSDAQ,wholesale_retail,valid,gross_profit,18,0.4824177109532886,0.25009437567657894,4
KOSDAQ,wholesale_retail,valid,ocf_to_total_borrowings,1,0.4638979136943817,-0.4638979136943817,5
KOSDAQ,wholesale_retail,valid,firm_size_group,14,0.43460104933806826,0.22402643944535935,6
KOSDAQ,wholesale_retail,valid,market_to_book,2,0.39955848455429077,0.39955848455429077,7
KOSDAQ,wholesale_retail,valid,assets_total,13,0.3961626256887729,0.13440875250559586,8
KOSDAQ,wholesale_retail,valid,net_margin,13,0.3782407200107208,0.03557316901592108,9
KOSDAQ,wholesale_retail,valid,dividend_payer,20,0.3755247011780739,0.045149697363376616,10
KOSDAQ,wholesale_retail,valid,total_debt_turnover,8,0.3634924329817295,-0.3634924329817295,11
KOSDAQ,wholesale_retail,valid,capital_impairment_ratio,14,0.3550876187426703,-0.1078662680728095,12
KOSDAQ,wholesale_retail,valid,depreciation,12,0.33648131787776947,0.18904046714305878,13
KOSDAQ,wholesale_retail,valid,cash_ratio,2,0.32633714377880096,-0.05079583823680878,14
KOSDAQ,wholesale_retail,valid,equity_ratio,8,0.3117921706289053,-0.17147674225270748,15
KOSDAQ,wholesale_retail,valid,listed_year,10,0.29031101018190386,-0.08297521024942398,16
KOSDAQ,wholesale_retail,valid,current_ratio,1,0.2860603630542755,0.2860603630542755,17
KOSDAQ,wholesale_retail,valid,net_margin_diff,2,0.2413826808333397,-0.03907544165849686,18
KOSDAQ,wholesale_retail,valid,total_borrowings_ratio,7,0.23776584544352122,-0.11258612679583686,19
KOSDAQ,wholesale_retail,valid,debt_ratio,5,0.22883336544036864,-0.07828713059425355,20
KOSDAQ,wholesale_retail,valid,cashflow_coverage_ratio,9,0.21890051497353447,-0.010405398077434964,21
KOSDAQ,wholesale_retail,valid,pretax_roe,2,0.1654086783528328,0.1654086783528328,22
KOSDAQ,wholesale_retail,valid,intangible_assets_ratio,1,0.15870803594589233,-0.15870803594589233,23
KOSPI,construction,test,gross_profit,16,0.8062596786767244,-0.35525879450142384,1
KOSPI,construction,test,industry_macro_category,19,0.6525929225118536,-0.6525929225118536,2
KOSPI,construction,test,assets_total,17,0.6522782129399917,-0.6161548144677106,3
KOSPI,construction,test,depreciation,14,0.6373301244207791,-0.46044512199504034,4
KOSPI,construction,test,firm_size_group,9,0.6145623127619425,-0.6145623127619425,5
KOSPI,construction,test,intangible_assets_ratio,2,0.5427459925413132,0.5427459925413132,6
KOSPI,construction,test,short_term_borrowings_share,5,0.5199711948633194,-0.5199711948633194,7
KOSPI,construction,test,net_margin,3,0.4682547052701314,0.19845720132191977,8
KOSPI,construction,test,capital_impairment_ratio,16,0.3998461849987507,0.06497162207961082,9
KOSPI,construction,test,market_to_book,8,0.3973756171762943,0.3973756171762943,10
KOSPI,construction,test,interest_coverage_ratio,13,0.38710010510224563,0.1808810279919551,11
KOSPI,construction,test,listed_year,9,0.37986084156566197,0.23822385403845045,12
KOSPI,construction,test,cash_ratio,2,0.35285505652427673,0.35285505652427673,13
KOSPI,construction,test,current_ratio,1,0.34824174642562866,0.34824174642562866,14
KOSPI,construction,test,ocf_to_sales,1,0.2962231934070587,-0.2962231934070587,15
KOSPI,construction,test,total_borrowings_ratio,1,0.29513150453567505,-0.29513150453567505,16
KOSPI,construction,test,equity_ratio,13,0.2943269300919313,0.19589704619004175,17
KOSPI,construction,test,dividend_payer,11,0.2762391364032572,-0.22670050778172232,18
KOSPI,construction,test,total_debt_turnover,7,0.2710291849715369,-0.010561472603252955,19
KOSPI,construction,test,is_2y_consecutive_ocf_deficit,2,0.25160370767116547,0.25160370767116547,20
KOSPI,construction,test,debt_ratio,2,0.24239657819271088,-0.09671930968761444,21
KOSPI,construction,test,net_margin_diff,1,0.23996688425540924,-0.23996688425540924,22
KOSPI,construction,test,ocf_to_total_borrowings,2,0.23730382323265076,0.23730382323265076,23
KOSPI,construction,test,market,1,0.2365625500679016,-0.2365625500679016,24
KOSPI,construction,test,cashflow_coverage_ratio,12,0.23073353121678034,0.10650880386432011,25
KOSPI,construction,test,accruals_ratio,1,0.21968720853328705,0.21968720853328705,26
KOSPI,construction,test,pretax_roe,1,0.1967136114835739,-0.1967136114835739,27
KOSPI,construction,test,total_assets_growth,1,0.08999112993478775,-0.08999112993478775,28
KOSPI,construction,train,industry_macro_category,126,0.773069752942002,-0.773069752942002,1
KOSPI,construction,train,gross_profit,122,0.6936400626770786,-0.28068690869163293,2
KOSPI,construction,train,firm_size_group,59,0.6237825599767394,-0.582369374016584,3
KOSPI,construction,train,assets_total,109,0.6136240778029511,-0.46212259051176385,4
KOSPI,construction,train,depreciation,76,0.5865450065190855,-0.46893421982071903,5
KOSPI,construction,train,short_term_borrowings_share,28,0.5572940834930965,-0.5572940834930965,6
KOSPI,construction,train,interest_coverage_ratio,93,0.48703913198363397,-0.18171909627734975,7
KOSPI,construction,train,net_margin_diff,11,0.4250289228829471,0.03568371588533575,8
KOSPI,construction,train,net_margin,64,0.3696122677065432,-0.08827166305854917,9
KOSPI,construction,train,cash_ratio,12,0.3640696170429389,-0.16835063820083937,10
KOSPI,construction,train,listed_year,67,0.3396852422338813,0.2314388568499195,11
KOSPI,construction,train,pretax_roe,10,0.32899158596992495,0.29434873461723327,12
KOSPI,construction,train,capital_impairment_ratio,101,0.3280859564495559,0.047259466630397456,13
KOSPI,construction,train,intangible_assets_ratio,16,0.30073850229382515,0.13303840905427933,14
KOSPI,construction,train,total_assets_growth,13,0.300155445933342,0.19527996159516847,15
KOSPI,construction,train,equity_ratio,70,0.298233120569161,0.22154755060161863,16
KOSPI,construction,train,market_to_book,30,0.29487322891751927,0.1388354517519474,17
KOSPI,construction,train,ocf_to_total_borrowings,4,0.28736988455057144,-0.08342263847589493,18
KOSPI,construction,train,total_debt_turnover,39,0.27178882215267575,-0.017268079595688064,19
KOSPI,construction,train,dividend_payer,95,0.25230910291797237,-0.09829649784063038,20
KOSPI,construction,train,accruals_ratio,7,0.2458572174821581,0.2458572174821581,21
KOSPI,construction,train,is_2y_consecutive_ocf_deficit,3,0.23740183810393015,0.23740183810393015,22
KOSPI,construction,train,total_borrowings_ratio,20,0.22263293974101545,-0.15098248608410358,23
KOSPI,construction,train,ocf_to_sales,9,0.22183708681000602,-0.22183708681000602,24
KOSPI,construction,train,cashflow_coverage_ratio,73,0.21994930424102366,-0.03756042988332983,25
KOSPI,construction,train,market,8,0.21898706629872322,-0.21898706629872322,26
KOSPI,construction,train,spec_spread,3,0.19133228560288748,-0.19133228560288748,27
KOSPI,construction,train,current_ratio,8,0.18597276415675879,0.1669499510899186,28
KOSPI,construction,train,operating_roa,8,0.1856375951319933,-0.1856375951319933,29
KOSPI,construction,train,debt_ratio,6,0.14949368933836618,0.14949368933836618,30
KOSPI,construction,valid,firm_size_group,9,0.6668377121289571,-0.6668377121289571,1
KOSPI,construction,valid,industry_macro_category,19,0.6625252334695113,-0.6625252334695113,2
KOSPI,construction,valid,gross_profit,19,0.6260862664172524,-0.3956022921361421,3
KOSPI,construction,valid,depreciation,13,0.6079306533703437,-0.47456684708595276,4
KOSPI,construction,valid,short_term_borrowings_share,7,0.6024528401238578,-0.6024528401238578,5
KOSPI,construction,valid,assets_total,16,0.5987447127699852,-0.4944206550717354,6
KOSPI,construction,valid,market_to_book,8,0.49940718337893486,0.49940718337893486,7
KOSPI,construction,valid,interest_coverage_ratio,13,0.4482386192450157,-0.11031978520063254,8
KOSPI,construction,valid,cash_ratio,2,0.4374624639749527,-0.027667656540870667,9
KOSPI,construction,valid,debt_ratio,1,0.40006130933761597,-0.40006130933761597,10
KOSPI,construction,valid,net_margin,7,0.35832852338041576,-0.1279512154204505,11
KOSPI,construction,valid,total_debt_turnover,3,0.3324393779039383,0.00883809228738149,12
KOSPI,construction,valid,listed_year,10,0.3288770392537117,0.21280961781740187,13
KOSPI,construction,valid,capital_impairment_ratio,14,0.29168662961040226,-0.042452168251786916,14
KOSPI,construction,valid,equity_ratio,13,0.2880368106640302,0.12154165712686685,15
KOSPI,construction,valid,ocf_to_total_borrowings,1,0.27271851897239685,0.27271851897239685,16
KOSPI,construction,valid,current_ratio,2,0.26892442256212234,0.26892442256212234,17
KOSPI,construction,valid,dividend_payer,12,0.2573069892823696,-0.15733814612030983,18
KOSPI,construction,valid,pretax_roe,1,0.250774085521698,-0.250774085521698,19
KOSPI,construction,valid,cashflow_coverage_ratio,9,0.23107064101431105,0.018977969884872437,20
KOSPI,construction,valid,market,2,0.22382670640945435,-0.22382670640945435,21
KOSPI,construction,valid,is_2y_consecutive_ocf_deficit,1,0.2160484343767166,0.2160484343767166,22
KOSPI,construction,valid,net_margin_diff,3,0.21529163916905722,-0.21529163916905722,23
KOSPI,construction,valid,ocf_to_sales,2,0.20947516709566116,0.20947516709566116,24
KOSPI,construction,valid,total_borrowings_ratio,2,0.2082020863890648,-0.10864651948213577,25
KOSPI,construction,valid,spec_spread,1,0.20202812552452087,-0.20202812552452087,26
KOSPI,it_services,test,gross_profit,49,1.085340867237169,-1.0024288126400538,1
KOSPI,it_services,test,firm_size_group,42,0.9181058928370476,-0.8811105159776551,2
KOSPI,it_services,test,depreciation,43,0.88518485115018,-0.8557525315257006,3
KOSPI,it_services,test,assets_total,52,0.8007272155239031,-0.7348466991231992,4
KOSPI,it_services,test,industry_macro_category,53,0.7436643743290091,-0.7436643743290091,5
KOSPI,it_services,test,market_to_book,18,0.48928122056855095,0.47600026263131034,6
KOSPI,it_services,test,short_term_borrowings_share,18,0.4604998942878511,-0.4604998942878511,7
KOSPI,it_services,test,ocf_to_total_borrowings,4,0.46038664877414703,-0.46038664877414703,8
KOSPI,it_services,test,interest_coverage_ratio,20,0.41917801797389986,-0.23014652132987976,9
KOSPI,it_services,test,intangible_assets_ratio,20,0.4020926259458065,-0.4020926259458065,10
KOSPI,it_services,test,debt_ratio,1,0.38990914821624756,-0.38990914821624756,11
KOSPI,it_services,test,cash_ratio,5,0.3667488515377045,-0.3667488515377045,12
KOSPI,it_services,test,total_assets_growth,3,0.35456988712151843,0.2942657123009364,13
KOSPI,it_services,test,net_margin_diff,11,0.3483845835382288,0.15914745493368668,14
KOSPI,it_services,test,dividend_payer,52,0.3311842270195484,-0.2610953774016637,15
KOSPI,it_services,test,net_margin,24,0.30885935698946315,-0.07679494594534238,16
KOSPI,it_services,test,accruals_ratio,4,0.3016117885708809,0.3016117885708809,17
KOSPI,it_services,test,listed_year,25,0.29357963025569916,0.008493710160255432,18
KOSPI,it_services,test,equity_ratio,21,0.2838002145290375,0.04490691849163601,19
KOSPI,it_services,test,total_debt_turnover,8,0.2762007834389806,-0.1770377205684781,20
KOSPI,it_services,test,capital_impairment_ratio,16,0.2743390961550176,-0.0750863472931087,21
KOSPI,it_services,test,total_borrowings_ratio,13,0.2688116987164204,-0.22186923657472318,22
KOSPI,it_services,test,ocf_to_sales,2,0.2340712919831276,-0.2340712919831276,23
KOSPI,it_services,test,market,4,0.22824214398860931,-0.22824214398860931,24
KOSPI,it_services,test,pretax_roe,9,0.22492309080229866,-0.16178074479103088,25
KOSPI,it_services,test,cashflow_coverage_ratio,10,0.19160068780183792,-0.0979483351111412,26
KOSPI,it_services,test,operating_roa,1,0.1757892519235611,-0.1757892519235611,27
KOSPI,it_services,test,current_ratio,2,0.1757267266511917,0.1757267266511917,28
KOSPI,it_services,train,gross_profit,338,0.9945134869694005,-0.8825225032116535,1
KOSPI,it_services,train,firm_size_group,249,0.9238974433167871,-0.9105947968291949,2
KOSPI,it_services,train,depreciation,270,0.8618225839954835,-0.8315780285883833,3
KOSPI,it_services,train,assets_total,333,0.8053745997471137,-0.7517161823518284,4
KOSPI,it_services,train,industry_macro_category,341,0.7572196694063651,-0.7572196694063651,5
KOSPI,it_services,train,short_term_borrowings_share,121,0.4906949083174556,-0.4906949083174556,6
KOSPI,it_services,train,intangible_assets_ratio,130,0.43018647260390797,-0.411816371518832,7
KOSPI,it_services,train,ocf_to_total_borrowings,25,0.42416018664836885,-0.39627007305622103,8
KOSPI,it_services,train,interest_coverage_ratio,156,0.4190955411356229,-0.19945896693911308,9
KOSPI,it_services,train,total_assets_growth,24,0.4082792109499375,0.36542134421567124,10
KOSPI,it_services,train,net_margin_diff,39,0.36489659624222,0.10492062568664551,11
KOSPI,it_services,train,net_margin,127,0.36017119426896255,-0.13382136152954552,12
KOSPI,it_services,train,market_to_book,102,0.3447154117565529,0.19859614091760971,13
KOSPI,it_services,train,cash_ratio,35,0.34139576894896373,-0.24648149524416244,14
KOSPI,it_services,train,dividend_payer,321,0.3274925037800709,-0.257438949103296,15
KOSPI,it_services,train,total_borrowings_ratio,60,0.29479194556673366,-0.22825251643856367,16
KOSPI,it_services,train,equity_ratio,146,0.2927051534595555,0.03988896259298063,17
KOSPI,it_services,train,accruals_ratio,29,0.28485711997952956,0.26253102873933726,18
KOSPI,it_services,train,listed_year,134,0.28241679461589503,-0.032884523383717036,19
KOSPI,it_services,train,capital_impairment_ratio,130,0.27134210232358713,-0.11845247693932974,20
KOSPI,it_services,train,pretax_roe,43,0.2684714842674344,-0.024895607038985853,21
KOSPI,it_services,train,total_debt_turnover,73,0.24392906811139356,-0.05424705923420109,22
KOSPI,it_services,train,ocf_to_total_liabilities,1,0.23878806829452515,-0.23878806829452515,23
KOSPI,it_services,train,debt_ratio,27,0.23634454111258188,-0.1823855467416622,24
KOSPI,it_services,train,cashflow_coverage_ratio,80,0.22891675177961587,-0.1271686477586627,25
KOSPI,it_services,train,market,38,0.21990831784511866,-0.21990831784511866,26
KOSPI,it_services,train,current_ratio,10,0.20861344486474992,0.20861344486474992,27
KOSPI,it_services,train,ocf_to_sales,17,0.20564299558891969,-0.20564299558891969,28
KOSPI,it_services,train,operating_roa,9,0.18068191409111023,-0.14785615603129068,29
KOSPI,it_services,train,is_2y_consecutive_ocf_deficit,2,0.15987272560596466,0.15987272560596466,30
KOSPI,it_services,valid,gross_profit,44,1.0035634172910994,-0.896415172314102,1
KOSPI,it_services,valid,firm_size_group,35,0.9592696509190968,-0.9137488122497286,2
KOSPI,it_services,valid,depreciation,40,0.837436779588461,-0.8083277359604836,3
KOSPI,it_services,valid,industry_macro_category,47,0.7882822942226491,-0.7882822942226491,4
KOSPI,it_services,valid,assets_total,46,0.7881233951319819,-0.7336025898871215,5
KOSPI,it_services,valid,market_to_book,16,0.5523574938997626,0.47095919493585825,6
KOSPI,it_services,valid,short_term_borrowings_share,16,0.5020282287150621,-0.5020282287150621,7
KOSPI,it_services,valid,intangible_assets_ratio,16,0.4662757199257612,-0.40941876359283924,8
KOSPI,it_services,valid,ocf_to_total_borrowings,1,0.4497278034687042,-0.4497278034687042,9
KOSPI,it_services,valid,net_margin_diff,7,0.42423324286937714,0.18870075047016144,10
KOSPI,it_services,valid,interest_coverage_ratio,24,0.3814990160365899,-0.1227020633717378,11
KOSPI,it_services,valid,net_margin,23,0.37634899629198987,0.029991299561832264,12
KOSPI,it_services,valid,cash_ratio,5,0.33640667498111726,-0.1315046638250351,13
KOSPI,it_services,valid,dividend_payer,44,0.3089043111963706,-0.2373313524506309,14
KOSPI,it_services,valid,accruals_ratio,2,0.3063168078660965,0.3063168078660965,15
KOSPI,it_services,valid,pretax_roe,9,0.2916894853115082,0.047533263762791954,16
KOSPI,it_services,valid,equity_ratio,21,0.2834813942511876,0.05521972335520245,17
KOSPI,it_services,valid,listed_year,19,0.2821683468003022,-0.04031144396254891,18
KOSPI,it_services,valid,ocf_to_sales,2,0.26898612827062607,-0.26898612827062607,19
KOSPI,it_services,valid,capital_impairment_ratio,14,0.2674957551062107,-0.1501808161182063,20
KOSPI,it_services,valid,market,2,0.2642320692539215,-0.2642320692539215,21
KOSPI,it_services,valid,current_ratio,1,0.25926151871681213,0.25926151871681213,22
KOSPI,it_services,valid,cashflow_coverage_ratio,16,0.24541304353624582,-0.0016766274347901344,23
KOSPI,it_services,valid,total_debt_turnover,5,0.23349077999591827,-0.05828044712543488,24
KOSPI,it_services,valid,total_assets_growth,6,0.23209359124302864,0.20206347232063612,25
KOSPI,it_services,valid,total_borrowings_ratio,7,0.20609559012310846,-0.1539236679673195,26
KOSPI,it_services,valid,debt_ratio,1,0.16389666497707367,-0.16389666497707367,27
KOSPI,it_services,valid,operating_roa,1,0.1372659057378769,-0.1372659057378769,28
KOSPI,manufacturing,test,gross_profit,166,0.8692119029990162,-0.6637376509158008,1
KOSPI,manufacturing,test,firm_size_group,89,0.861020456287968,-0.8173096431942468,2
KOSPI,manufacturing,test,depreciation,132,0.7602363392484911,-0.6846991238946264,3
KOSPI,manufacturing,test,assets_total,161,0.6693936684487028,-0.617302042542037,4
KOSPI,manufacturing,test,short_term_borrowings_share,40,0.4840509820729494,-0.47655432485044,5
KOSPI,manufacturing,test,ocf_to_total_borrowings,9,0.4796340349647734,-0.441648468375206,6
KOSPI,manufacturing,test,intangible_assets_ratio,39,0.4620649596819511,-0.1674160151145397,7
KOSPI,manufacturing,test,market_to_book,45,0.4329342150025898,0.315089769826995,8
KOSPI,manufacturing,test,interest_coverage_ratio,90,0.4201965240968598,-0.049018998775217267,9
KOSPI,manufacturing,test,total_debt_turnover,81,0.38293888686615746,-0.23831926304617046,10
KOSPI,manufacturing,test,equity_ratio,130,0.36584833671267214,-0.008956306886214476,11
KOSPI,manufacturing,test,listed_year,98,0.34361550333548563,0.03820064815939689,12
KOSPI,manufacturing,test,dividend_payer,164,0.3320457641853065,-0.22003090081781876,13
KOSPI,manufacturing,test,net_margin,85,0.3303789958357811,-0.11797512585625929,14
KOSPI,manufacturing,test,capital_impairment_ratio,106,0.327157808924621,-0.0860890065723995,15
KOSPI,manufacturing,test,cash_ratio,19,0.3096930784614463,-0.19823259350500608,16
KOSPI,manufacturing,test,net_margin_diff,21,0.2884326321738107,-0.01578537765003386,17
KOSPI,manufacturing,test,pretax_roe,18,0.2746012227402793,0.04928035868538751,18
KOSPI,manufacturing,test,is_2y_consecutive_ocf_deficit,3,0.2681682805220286,0.2681682805220286,19
KOSPI,manufacturing,test,debt_ratio,53,0.2677148707070441,-0.1459914982881186,20
KOSPI,manufacturing,test,total_borrowings_ratio,29,0.2537387763631755,-0.07138144764406927,21
KOSPI,manufacturing,test,current_ratio,6,0.23485059787829718,0.23485059787829718,22
KOSPI,manufacturing,test,ocf_to_total_liabilities,1,0.234075665473938,-0.234075665473938,23
KOSPI,manufacturing,test,cashflow_coverage_ratio,53,0.22546391934156418,-0.03361956198822777,24
KOSPI,manufacturing,test,accruals_ratio,10,0.2233593575656414,0.18907126411795616,25
KOSPI,manufacturing,test,ocf_to_sales,15,0.20927841166655223,-0.20927841166655223,26
KOSPI,manufacturing,test,market,22,0.20839496024630286,-0.20839496024630286,27
KOSPI,manufacturing,test,industry_macro_category,43,0.1964426499813102,0.1964426499813102,28
KOSPI,manufacturing,test,operating_roa,9,0.19578012410137388,-0.19578012410137388,29
KOSPI,manufacturing,test,total_assets_growth,2,0.18131586909294128,0.02370031177997589,30
KOSPI,manufacturing,test,pretax_roa,1,0.1453181952238083,0.1453181952238083,31
KOSPI,manufacturing,train,firm_size_group,548,0.8654409701643634,-0.7866955487343081,1
KOSPI,manufacturing,train,gross_profit,999,0.8561432063281238,-0.6097157027747657,2
KOSPI,manufacturing,train,depreciation,822,0.7190340752566092,-0.6321654840488068,3
KOSPI,manufacturing,train,assets_total,942,0.6304166527611308,-0.5728080484248903,4
KOSPI,manufacturing,train,short_term_borrowings_share,289,0.506565354970706,-0.5045109736414104,5
KOSPI,manufacturing,train,ocf_to_total_borrowings,26,0.4605595228763727,-0.3538149492098735,6
KOSPI,manufacturing,train,interest_coverage_ratio,623,0.44130137374992356,-0.11460785509160396,7
KOSPI,manufacturing,train,intangible_assets_ratio,275,0.43077478603883224,-0.24564902478998357,8
KOSPI,manufacturing,train,total_debt_turnover,475,0.3772119975090027,-0.19421159399183172,9
KOSPI,manufacturing,train,listed_year,576,0.354599042627443,0.008443203431347178,10
KOSPI,manufacturing,train,equity_ratio,779,0.34916469598229644,0.01848554796753248,11
KOSPI,manufacturing,train,capital_impairment_ratio,727,0.33576583363208024,-0.07041014264628516,12
KOSPI,manufacturing,train,dividend_payer,1035,0.33531729242076047,-0.22016520128733869,13
KOSPI,manufacturing,train,cash_ratio,93,0.32241859343103185,-0.20447169276334906,14
KOSPI,manufacturing,train,net_margin,483,0.32064830291221846,-0.12612872837616543,15
KOSPI,manufacturing,train,market_to_book,228,0.32030876134440567,0.12170893414632271,16
KOSPI,manufacturing,train,is_2y_consecutive_ocf_deficit,19,0.28718226128502894,0.28718226128502894,17
KOSPI,manufacturing,train,pretax_roe,77,0.2808061847826103,0.048980852806722965,18
KOSPI,manufacturing,train,net_margin_diff,139,0.26874937036697816,-0.03913367936293856,19
KOSPI,manufacturing,train,total_borrowings_ratio,156,0.26146722814211476,-0.05410480021666258,20
KOSPI,manufacturing,train,debt_ratio,316,0.25193551255838026,-0.07707144063013265,21
KOSPI,manufacturing,train,current_ratio,61,0.24516157415069517,0.24516157415069517,22
KOSPI,manufacturing,train,accruals_ratio,61,0.24199388603695104,0.21027441884650558,23
KOSPI,manufacturing,train,total_assets_growth,72,0.2375308834016323,0.1235611881646845,24
KOSPI,manufacturing,train,cashflow_coverage_ratio,372,0.23025440488771726,-0.042420364836210846,25
KOSPI,manufacturing,train,ocf_to_sales,86,0.20567888783854107,-0.19441152312034785,26
KOSPI,manufacturing,train,industry_macro_category,281,0.19773705110112968,0.19773705110112968,27
KOSPI,manufacturing,train,operating_roa,67,0.19630613945313355,-0.18514255912446265,28
KOSPI,manufacturing,train,spec_spread,9,0.1951774689886305,-0.1951774689886305,29
KOSPI,manufacturing,train,market,120,0.192577638104558,-0.192577638104558,30
KOSPI,manufacturing,train,ocf_to_total_liabilities,4,0.17895585298538208,0.17895585298538208,31
KOSPI,manufacturing,valid,gross_profit,161,0.8525700757499808,-0.6271277236179535,1
KOSPI,manufacturing,valid,firm_size_group,86,0.8383722580796065,-0.7585617059538531,2
KOSPI,manufacturing,valid,depreciation,127,0.7322307694850005,-0.6337556218303094,3
KOSPI,manufacturing,valid,assets_total,152,0.6071012341662457,-0.5461386779421255,4
KOSPI,manufacturing,valid,short_term_borrowings_share,32,0.5336501761339605,-0.5260437834076583,5
KOSPI,manufacturing,valid,interest_coverage_ratio,87,0.4574583575300787,-0.10667920814848494,6
KOSPI,manufacturing,valid,intangible_assets_ratio,42,0.4310118002550943,-0.23643843616758073,7
KOSPI,manufacturing,valid,ocf_to_total_borrowings,8,0.4227521102875471,-0.23884299583733082,8
KOSPI,manufacturing,valid,total_debt_turnover,74,0.41153819919437973,-0.272720829256483,9
KOSPI,manufacturing,valid,market_to_book,61,0.36087140624151853,0.21220711520949348,10
KOSPI,manufacturing,valid,net_margin,77,0.35034842353749585,-0.10649587939698975,11
KOSPI,manufacturing,valid,equity_ratio,120,0.34836826361715795,-0.013914839550852775,12
KOSPI,manufacturing,valid,listed_year,86,0.3347162633787754,-0.009259742186513058,13
KOSPI,manufacturing,valid,capital_impairment_ratio,108,0.33126205716420104,-0.06679428134251524,14
KOSPI,manufacturing,valid,dividend_payer,158,0.32764972972718975,-0.2050284354747096,15
KOSPI,manufacturing,valid,total_assets_growth,11,0.28328254886648874,0.1892091679302129,16
KOSPI,manufacturing,valid,pretax_roe,15,0.28097453018029533,0.09780861437320709,17
KOSPI,manufacturing,valid,cash_ratio,15,0.2693053513765335,-0.05832152465979258,18
KOSPI,manufacturing,valid,total_borrowings_ratio,28,0.25714627866234097,-0.09254585951566696,19
KOSPI,manufacturing,valid,debt_ratio,45,0.251076802611351,-0.10864760378996531,20
KOSPI,manufacturing,valid,is_2y_consecutive_ocf_deficit,6,0.23901941627264023,0.23901941627264023,21
KOSPI,manufacturing,valid,accruals_ratio,6,0.23895645886659622,0.1931876614689827,22
KOSPI,manufacturing,valid,current_ratio,8,0.22796966135501862,0.22796966135501862,23
KOSPI,manufacturing,valid,cashflow_coverage_ratio,59,0.2207556337875835,0.026650235940844327,24
KOSPI,manufacturing,valid,ocf_to_sales,8,0.2204827293753624,-0.15587779134511948,25
KOSPI,manufacturing,valid,spec_spread,2,0.2166154831647873,-0.2166154831647873,26
KOSPI,manufacturing,valid,net_margin_diff,16,0.20355487056076527,-0.17176049388945103,27
KOSPI,manufacturing,valid,industry_macro_category,50,0.1953454050421715,0.1953454050421715,28
KOSPI,manufacturing,valid,market,22,0.19457318091934378,-0.19457318091934378,29
KOSPI,manufacturing,valid,operating_roa,10,0.19064868688583375,-0.15772332847118378,30
KOSPI,other,test,industry_macro_category,8,1.0715250000357628,-1.0715250000357628,1
KOSPI,other,test,depreciation,6,0.915858268737793,-0.915858268737793,2
KOSPI,other,test,firm_size_group,4,0.8149019256234169,-0.8149019256234169,3
KOSPI,other,test,gross_profit,8,0.81484679505229,-0.81484679505229,4
KOSPI,other,test,assets_total,8,0.6517987698316574,-0.6517987698316574,5
KOSPI,other,test,short_term_borrowings_share,2,0.6229346096515656,-0.6229346096515656,6
KOSPI,other,test,market_to_book,5,0.6068624913692474,0.6068624913692474,7
KOSPI,other,test,intangible_assets_ratio,1,0.4176628589630127,0.4176628589630127,8
KOSPI,other,test,listed_year,2,0.39628787338733673,0.39628787338733673,9
KOSPI,other,test,cashflow_coverage_ratio,3,0.33692991733551025,0.12184540430704753,10
KOSPI,other,test,equity_ratio,5,0.31858840882778167,0.31858840882778167,11
KOSPI,other,test,cash_ratio,1,0.31742170453071594,-0.31742170453071594,12
KOSPI,other,test,dividend_payer,7,0.30482793918677736,-0.22138630705220358,13
KOSPI,other,test,total_debt_turnover,3,0.26512834926446277,-0.051279003421465554,14
KOSPI,other,test,capital_impairment_ratio,6,0.2631795381506284,-0.2631795381506284,15
KOSPI,other,test,interest_coverage_ratio,1,0.247324600815773,0.247324600815773,16
KOSPI,other,test,total_borrowings_ratio,3,0.24158608416716257,-0.02679699162642161,17
KOSPI,other,test,pretax_roe,2,0.22031796723604202,-0.22031796723604202,18
KOSPI,other,test,net_margin,2,0.20109037309885025,-0.20109037309885025,19
KOSPI,other,test,current_ratio,1,0.19280773401260376,0.19280773401260376,20
KOSPI,other,test,market,1,0.17293836176395416,-0.17293836176395416,21
KOSPI,other,test,total_assets_growth,1,0.1697617769241333,-0.1697617769241333,22
KOSPI,other,train,industry_macro_category,57,1.0496578938082646,-1.0496578938082646,1
KOSPI,other,train,gross_profit,55,0.9379394198005849,-0.7816993759437041,2
KOSPI,other,train,depreciation,47,0.9369321338673855,-0.9369321338673855,3
KOSPI,other,train,firm_size_group,31,0.8702087003377176,-0.8702087003377176,4
KOSPI,other,train,assets_total,57,0.6280875841253682,-0.5510248335307104,5
KOSPI,other,train,net_margin_diff,1,0.5850272178649902,0.5850272178649902,6
KOSPI,other,train,short_term_borrowings_share,28,0.5210177887763295,-0.5210177887763295,7
KOSPI,other,train,ocf_to_total_borrowings,2,0.4933527708053589,-0.4933527708053589,8
KOSPI,other,train,intangible_assets_ratio,15,0.44876965483029685,-0.015967156489690146,9
KOSPI,other,train,interest_coverage_ratio,24,0.41582141692439717,-0.19671701764067015,10
KOSPI,other,train,cash_ratio,1,0.3760945498943329,-0.3760945498943329,11
KOSPI,other,train,market_to_book,14,0.37456111503498896,0.32636406272649765,12
KOSPI,other,train,total_assets_growth,4,0.34523313865065575,0.34523313865065575,13
KOSPI,other,train,dividend_payer,55,0.3393160665577108,-0.2512063489718871,14
KOSPI,other,train,total_borrowings_ratio,15,0.299518483877182,0.10255292256673178,15
KOSPI,other,train,total_debt_turnover,15,0.29611530403296155,0.1152360608180364,16
KOSPI,other,train,equity_ratio,31,0.2939092242910016,0.23128630701572664,17
KOSPI,other,train,listed_year,19,0.27692535911735733,-0.014525144508010462,18
KOSPI,other,train,capital_impairment_ratio,38,0.2745205818822509,-0.24269129375093862,19
KOSPI,other,train,net_margin,19,0.25411812568965714,-0.1753646527466021,20
KOSPI,other,train,is_2y_consecutive_ocf_deficit,2,0.23635868728160858,0.23635868728160858,21
KOSPI,other,train,accruals_ratio,2,0.22772925347089767,0.22772925347089767,22
KOSPI,other,train,market,8,0.2225850485265255,-0.2225850485265255,23
KOSPI,other,train,cashflow_coverage_ratio,19,0.22253784145179548,-0.18443504838567032,24
KOSPI,other,train,ocf_to_sales,5,0.21852592527866363,-0.21852592527866363,25
KOSPI,other,train,pretax_roe,2,0.19516437500715256,-0.19516437500715256,26
KOSPI,other,train,current_ratio,2,0.1813415288925171,0.1813415288925171,27
KOSPI,other,train,debt_ratio,2,0.1529676616191864,0.1529676616191864,28
KOSPI,other,valid,industry_macro_category,7,1.1363380295889718,-1.1363380295889718,1
KOSPI,other,valid,gross_profit,6,1.0055775046348572,-0.9275952577590942,2
KOSPI,other,valid,depreciation,6,0.8927687803904215,-0.8927687803904215,3
KOSPI,other,valid,firm_size_group,4,0.8195530213415623,-0.8195530213415623,4
KOSPI,other,valid,assets_total,7,0.6916339099407196,-0.6916339099407196,5
KOSPI,other,valid,short_term_borrowings_share,3,0.5239520768324534,-0.5239520768324534,6
KOSPI,other,valid,market_to_book,3,0.4416167934735616,0.4416167934735616,7
KOSPI,other,valid,intangible_assets_ratio,2,0.36525262147188187,0.18338125199079514,8
KOSPI,other,valid,listed_year,2,0.3618256002664566,0.10171054303646088,9
KOSPI,other,valid,equity_ratio,5,0.3491861343383789,0.3491861343383789,10
KOSPI,other,valid,dividend_payer,7,0.3174968638590404,-0.3174968638590404,11
KOSPI,other,valid,cashflow_coverage_ratio,1,0.31192415952682495,-0.31192415952682495,12
KOSPI,other,valid,interest_coverage_ratio,2,0.29881734400987625,0.29881734400987625,13
KOSPI,other,valid,capital_impairment_ratio,4,0.2945197820663452,-0.2945197820663452,14
KOSPI,other,valid,ocf_to_total_borrowings,2,0.2791189104318619,0.2791189104318619,15
KOSPI,other,valid,net_margin,3,0.27850813170274097,-0.1173004259665807,16
KOSPI,other,valid,total_borrowings_ratio,2,0.2695755362510681,0.05156069993972778,17
KOSPI,other,valid,pretax_roe,1,0.26844626665115356,-0.26844626665115356,18
KOSPI,other,valid,total_debt_turnover,1,0.25700825452804565,0.25700825452804565,19
KOSPI,other,valid,is_2y_consecutive_ocf_deficit,1,0.2226894199848175,0.2226894199848175,20
KOSPI,other,valid,ocf_to_total_liabilities,1,0.20366866886615753,0.20366866886615753,21
KOSPI,transport_storage,test,firm_size_group,8,1.0691565945744514,-1.0691565945744514,1
KOSPI,transport_storage,test,gross_profit,9,0.9927990767690871,-0.9927990767690871,2
KOSPI,transport_storage,test,depreciation,9,0.886788977517022,-0.886788977517022,3
KOSPI,transport_storage,test,assets_total,9,0.6581462456120385,-0.6581462456120385,4
KOSPI,transport_storage,test,intangible_assets_ratio,5,0.5877366662025452,0.09863854646682739,5
KOSPI,transport_storage,test,short_term_borrowings_share,5,0.4532555639743805,-0.4532555639743805,6
KOSPI,transport_storage,test,total_debt_turnover,3,0.44497618079185486,-0.44497618079185486,7
KOSPI,transport_storage,test,equity_ratio,5,0.3699072480201721,-0.09987657070159912,8
KOSPI,transport_storage,test,dividend_payer,6,0.366645281513532,-0.2535397658745448,9
KOSPI,transport_storage,test,interest_coverage_ratio,3,0.3604409495989482,0.018615464369455974,10
KOSPI,transport_storage,test,debt_ratio,1,0.3582053482532501,-0.3582053482532501,11
KOSPI,transport_storage,test,net_margin,3,0.3279772996902466,-0.3279772996902466,12
KOSPI,transport_storage,test,industry_macro_category,6,0.31449589878320694,-0.31449589878320694,13
KOSPI,transport_storage,test,total_borrowings_ratio,2,0.3055562227964401,-0.3055562227964401,14
KOSPI,transport_storage,test,listed_year,5,0.29750355184078214,0.07024832665920258,15
KOSPI,transport_storage,test,capital_impairment_ratio,4,0.28299131616950035,-0.15324951335787773,16
KOSPI,transport_storage,test,market_to_book,3,0.2763695220152537,0.14836972951889038,17
KOSPI,transport_storage,test,cashflow_coverage_ratio,1,0.23751148581504822,-0.23751148581504822,18
KOSPI,transport_storage,test,operating_roa,1,0.22554713487625122,-0.22554713487625122,19
KOSPI,transport_storage,test,ocf_to_sales,1,0.21674872934818268,-0.21674872934818268,20
KOSPI,transport_storage,test,market,1,0.1758582442998886,-0.1758582442998886,21
KOSPI,transport_storage,train,firm_size_group,63,1.120987617307239,-1.1097984441689082,1
KOSPI,transport_storage,train,gross_profit,73,0.9077539976737271,-0.6820179928247243,2
KOSPI,transport_storage,train,depreciation,76,0.8781061768531799,-0.8649274024524187,3
KOSPI,transport_storage,train,pretax_roe,13,0.7082113508994763,0.6874284216990838,4
KOSPI,transport_storage,train,assets_total,85,0.6627550468725316,-0.6394439767388737,5
KOSPI,transport_storage,train,capital_impairment_ratio,60,0.5349955792228381,0.305214357872804,6
KOSPI,transport_storage,train,ocf_to_total_borrowings,4,0.4922519251704216,-0.4922519251704216,7
KOSPI,transport_storage,train,short_term_borrowings_share,36,0.48556098424726063,-0.48556098424726063,8
KOSPI,transport_storage,train,intangible_assets_ratio,31,0.4274813864500292,0.051389742762811726,9
KOSPI,transport_storage,train,total_debt_turnover,24,0.4260745743910472,-0.34023399154345196,10
KOSPI,transport_storage,train,net_margin,40,0.3976330667734146,0.15172551125288009,11
KOSPI,transport_storage,train,net_margin_diff,4,0.3851243145763874,0.1908198706805706,12
KOSPI,transport_storage,train,interest_coverage_ratio,62,0.3835371600524072,0.2020019972997327,13
KOSPI,transport_storage,train,cash_ratio,5,0.37584617733955383,-0.20788323283195495,14
KOSPI,transport_storage,train,total_assets_growth,10,0.36437143832445146,0.3205334171652794,15
KOSPI,transport_storage,train,equity_ratio,65,0.36322836188169627,0.238683643249365,16
KOSPI,transport_storage,train,total_borrowings_ratio,12,0.3373151818911235,-0.15765892465909323,17
KOSPI,transport_storage,train,dividend_payer,69,0.3230783667253411,-0.2572116687677909,18
KOSPI,transport_storage,train,industry_macro_category,51,0.30158061431903466,-0.30158061431903466,19
KOSPI,transport_storage,train,listed_year,31,0.290602691711918,0.21347726737299272,20
KOSPI,transport_storage,train,accruals_ratio,4,0.2789391539990902,0.2789391539990902,21
KOSPI,transport_storage,train,current_ratio,5,0.2597545266151428,0.2597545266151428,22
KOSPI,transport_storage,train,ocf_to_sales,6,0.24971830596526465,-0.24971830596526465,23
KOSPI,transport_storage,train,cashflow_coverage_ratio,21,0.24383684992790222,0.08785939500445411,24
KOSPI,transport_storage,train,market,9,0.21284562680456373,-0.21284562680456373,25
KOSPI,transport_storage,train,debt_ratio,9,0.2103924701611201,0.2103924701611201,26
KOSPI,transport_storage,train,market_to_book,10,0.20114713460206984,-0.09048044234514237,27
KOSPI,transport_storage,train,operating_roa,2,0.16685466468334198,-0.16685466468334198,28
KOSPI,transport_storage,valid,firm_size_group,8,1.081032283604145,-1.081032283604145,1
KOSPI,transport_storage,valid,gross_profit,10,0.8800525099039078,-0.7110177129507065,2
KOSPI,transport_storage,valid,depreciation,9,0.8269946393039491,-0.774242909418212,3
KOSPI,transport_storage,valid,intangible_assets_ratio,4,0.6109590604901314,-0.05288165062665939,4
KOSPI,transport_storage,valid,assets_total,9,0.6040512290265825,-0.6040512290265825,5
KOSPI,transport_storage,valid,short_term_borrowings_share,4,0.450801745057106,-0.450801745057106,6
KOSPI,transport_storage,valid,ocf_to_total_borrowings,1,0.44497227668762207,-0.44497227668762207,7
KOSPI,transport_storage,valid,net_margin,4,0.4132195711135864,-0.07004866003990173,8
KOSPI,transport_storage,valid,capital_impairment_ratio,5,0.4103984236717224,0.07430484294891357,9
KOSPI,transport_storage,valid,total_debt_turnover,4,0.4052393026649952,-0.4052393026649952,10
KOSPI,transport_storage,valid,interest_coverage_ratio,4,0.3966880813241005,0.19399458914995193,11
KOSPI,transport_storage,valid,equity_ratio,6,0.34072547654310864,-0.020783806840578716,12
KOSPI,transport_storage,valid,debt_ratio,1,0.3342421054840088,-0.3342421054840088,13
KOSPI,transport_storage,valid,industry_macro_category,6,0.32944366087516147,-0.32944366087516147,14
KOSPI,transport_storage,valid,dividend_payer,9,0.3030991786056095,-0.1421220666832394,15
KOSPI,transport_storage,valid,accruals_ratio,1,0.2902972400188446,0.2902972400188446,16
KOSPI,transport_storage,valid,market_to_book,4,0.288146760314703,0.1084854044020176,17
KOSPI,transport_storage,valid,listed_year,3,0.28793952862421673,0.07007614771525066,18
KOSPI,transport_storage,valid,pretax_roe,1,0.2740599811077118,0.2740599811077118,19
KOSPI,transport_storage,valid,total_borrowings_ratio,2,0.2596975043416023,-0.2596975043416023,20
KOSPI,transport_storage,valid,cashflow_coverage_ratio,4,0.25827187672257423,-0.02446005865931511,21
KOSPI,transport_storage,valid,market,1,0.20712554454803467,-0.20712554454803467,22
KOSPI,wholesale_retail,test,firm_size_group,17,1.4197022266247694,-1.4197022266247694,1
KOSPI,wholesale_retail,test,gross_profit,22,0.9269180284305052,-0.7646123319864273,2
KOSPI,wholesale_retail,test,depreciation,17,0.8387156006167916,-0.7458291211548973,3
KOSPI,wholesale_retail,test,assets_total,21,0.7239922313463121,-0.637444257736206,4
KOSPI,wholesale_retail,test,ocf_to_total_borrowings,3,0.5235692262649536,-0.5235692262649536,5
KOSPI,wholesale_retail,test,intangible_assets_ratio,6,0.5068416843811671,-0.2884538819392522,6
KOSPI,wholesale_retail,test,interest_coverage_ratio,12,0.4517761319875717,-0.12847579022248587,7
KOSPI,wholesale_retail,test,market_to_book,9,0.4373967713779873,0.36690444747606915,8
KOSPI,wholesale_retail,test,cash_ratio,1,0.42229610681533813,-0.42229610681533813,9
KOSPI,wholesale_retail,test,short_term_borrowings_share,6,0.40228430430094403,-0.40228430430094403,10
KOSPI,wholesale_retail,test,total_debt_turnover,9,0.3983636266655392,-0.27604227264722186,11
KOSPI,wholesale_retail,test,net_margin,7,0.38750069056238445,-0.13032271606581552,12
KOSPI,wholesale_retail,test,industry_macro_category,11,0.3741203004663641,0.18548922105268997,13
KOSPI,wholesale_retail,test,dividend_payer,22,0.34907239269126544,-0.2059496221217242,14
KOSPI,wholesale_retail,test,listed_year,7,0.2965128464358194,-0.16520087633814132,15
KOSPI,wholesale_retail,test,total_borrowings_ratio,6,0.2807634522517522,-0.24424590170383453,16
KOSPI,wholesale_retail,test,equity_ratio,6,0.26042409737904865,0.26042409737904865,17
KOSPI,wholesale_retail,test,capital_impairment_ratio,10,0.2566223844885826,0.01690116971731186,18
KOSPI,wholesale_retail,test,ocf_to_sales,2,0.23218229413032532,-0.23218229413032532,19
KOSPI,wholesale_retail,test,cashflow_coverage_ratio,8,0.2291498351842165,-0.025637367740273476,20
KOSPI,wholesale_retail,test,pretax_roe,5,0.22236907184123994,-0.22236907184123994,21
KOSPI,wholesale_retail,test,market,5,0.21963357627391816,-0.21963357627391816,22
KOSPI,wholesale_retail,test,operating_roa,2,0.21100449562072754,-0.21100449562072754,23
KOSPI,wholesale_retail,test,net_margin_diff,2,0.16386982053518295,-0.16386982053518295,24
KOSPI,wholesale_retail,test,current_ratio,1,0.1441284865140915,0.1441284865140915,25
KOSPI,wholesale_retail,test,debt_ratio,2,0.13513574749231339,-0.13513574749231339,26
KOSPI,wholesale_retail,test,accruals_ratio,1,0.07656107097864151,-0.07656107097864151,27
KOSPI,wholesale_retail,train,firm_size_group,132,1.3758490543925401,-1.3643708448066856,1
KOSPI,wholesale_retail,train,gross_profit,163,0.9777617831171656,-0.8649931813310261,2
KOSPI,wholesale_retail,train,depreciation,123,0.857530769415018,-0.7882205740949972,3
KOSPI,wholesale_retail,train,assets_total,167,0.7819198148693153,-0.7209871275696212,4
KOSPI,wholesale_retail,train,short_term_borrowings_share,59,0.5288786019309092,-0.5288786019309092,5
KOSPI,wholesale_retail,train,ocf_to_total_borrowings,12,0.5096874833106995,-0.46339945991834003,6
KOSPI,wholesale_retail,train,interest_coverage_ratio,85,0.42373911072226134,-0.12467387388734257,7
KOSPI,wholesale_retail,train,total_debt_turnover,76,0.4032572727454336,-0.33453054843764557,8
KOSPI,wholesale_retail,train,intangible_assets_ratio,47,0.400401438170291,-0.18019046364946567,9
KOSPI,wholesale_retail,train,net_margin_diff,8,0.39009974896907806,0.20742173492908478,10
KOSPI,wholesale_retail,train,dividend_payer,165,0.3787518736087915,-0.29123228571631693,11
KOSPI,wholesale_retail,train,net_margin,67,0.36998371957842985,-0.11430916790641955,12
KOSPI,wholesale_retail,train,total_borrowings_ratio,34,0.33200979232788086,-0.18197384651969462,13
KOSPI,wholesale_retail,train,cash_ratio,10,0.3289733663201332,-0.17581052631139754,14
KOSPI,wholesale_retail,train,total_assets_growth,16,0.3141604820266366,0.254325152374804,15
KOSPI,wholesale_retail,train,capital_impairment_ratio,104,0.30153977684676647,-0.05221670507811583,16
KOSPI,wholesale_retail,train,listed_year,71,0.29958068338078514,-0.21510182488972032,17
KOSPI,wholesale_retail,train,industry_macro_category,80,0.2912957286462188,0.13179640825837852,18
KOSPI,wholesale_retail,train,pretax_roe,24,0.27379359118640423,-0.003864562138915062,19
KOSPI,wholesale_retail,train,market_to_book,46,0.2598190236350764,0.08593168660350468,20
KOSPI,wholesale_retail,train,equity_ratio,80,0.2536531161516905,0.0841666392982006,21
KOSPI,wholesale_retail,train,is_2y_consecutive_ocf_deficit,2,0.22061531245708466,0.22061531245708466,22
KOSPI,wholesale_retail,train,cashflow_coverage_ratio,52,0.21598463190289643,-0.007453163942465415,23
KOSPI,wholesale_retail,train,operating_roa,12,0.20597658306360245,-0.20597658306360245,24
KOSPI,wholesale_retail,train,market,46,0.19860335066914558,-0.19860335066914558,25
KOSPI,wholesale_retail,train,accruals_ratio,7,0.19296046027115413,0.07379115266459328,26
KOSPI,wholesale_retail,train,ocf_to_sales,13,0.1842615850842916,-0.1842615850842916,27
KOSPI,wholesale_retail,train,debt_ratio,10,0.18168565928936004,-0.09463464319705964,28
KOSPI,wholesale_retail,train,current_ratio,8,0.17847535014152527,0.17847535014152527,29
KOSPI,wholesale_retail,train,spec_spread,1,0.14609290659427643,-0.14609290659427643,30
KOSPI,wholesale_retail,valid,firm_size_group,16,1.2508486490696669,-1.2508486490696669,1
KOSPI,wholesale_retail,valid,gross_profit,21,0.8865224350066412,-0.7674587113516671,2
KOSPI,wholesale_retail,valid,depreciation,17,0.7710612609105951,-0.6409910619258881,3
KOSPI,wholesale_retail,valid,assets_total,20,0.7178214073181153,-0.6531253933906556,4
KOSPI,wholesale_retail,valid,total_assets_growth,1,0.6616841554641724,0.6616841554641724,5
KOSPI,wholesale_retail,valid,intangible_assets_ratio,5,0.5337746292352676,-0.23910862505435942,6
KOSPI,wholesale_retail,valid,ocf_to_total_borrowings,2,0.5148088037967682,-0.5148088037967682,7
KOSPI,wholesale_retail,valid,market_to_book,8,0.5017187707126141,0.4189394600689411,8
KOSPI,wholesale_retail,valid,total_debt_turnover,9,0.41446130805545384,-0.353852993912167,9
KOSPI,wholesale_retail,valid,short_term_borrowings_share,6,0.4132908930381139,-0.4132908930381139,10
KOSPI,wholesale_retail,valid,interest_coverage_ratio,10,0.4017497912049294,-0.2168120339512825,11
KOSPI,wholesale_retail,valid,net_margin,6,0.36567673832178116,-0.11509219060341518,12
KOSPI,wholesale_retail,valid,dividend_payer,21,0.3571484216621944,-0.24081095769291833,13
KOSPI,wholesale_retail,valid,industry_macro_category,11,0.34986306862397626,0.17114633863622492,14
KOSPI,wholesale_retail,valid,total_borrowings_ratio,3,0.3225588301817576,-0.2313918173313141,15
KOSPI,wholesale_retail,valid,cash_ratio,1,0.31958329677581787,-0.31958329677581787,16
KOSPI,wholesale_retail,valid,listed_year,11,0.2803984521464868,-0.20455544848333707,17
KOSPI,wholesale_retail,valid,equity_ratio,7,0.24614191268171584,0.24614191268171584,18
KOSPI,wholesale_retail,valid,capital_impairment_ratio,10,0.2335946023464203,0.028362357616424562,19
KOSPI,wholesale_retail,valid,current_ratio,1,0.23347081243991852,0.23347081243991852,20
KOSPI,wholesale_retail,valid,market,6,0.22158820927143097,-0.22158820927143097,21
KOSPI,wholesale_retail,valid,cashflow_coverage_ratio,7,0.2164853193930217,-0.06115597699369703,22
KOSPI,wholesale_retail,valid,pretax_roe,4,0.2154526598751545,-0.13854188099503517,23
KOSPI,wholesale_retail,valid,ocf_to_sales,2,0.17782456427812576,-0.17782456427812576,24
KOSPI,wholesale_retail,valid,operating_roa,4,0.15720609948039055,-0.15720609948039055,25
KOSPI,wholesale_retail,valid,spec_spread,1,0.13505226373672485,-0.13505226373672485,26
