variant,display_name,evaluation_scope,probability_bin,rows,mean_probability,actual_positive_rate,calibration_gap
current_platt,Current Platt,valid,"(-0.001, 0.1]",369,0.02518524880031417,0.016260162601626018,0.008925086198688151
current_platt,Current Platt,valid,"(0.1, 0.2]",63,0.15229095972390608,0.14285714285714285,0.009433816866763228
current_platt,Current Platt,valid,"(0.2, 0.3]",34,0.24518398028958455,0.2647058823529412,-0.019521902063356633
current_platt,Current Platt,valid,"(0.3, 0.4]",25,0.3493261421167557,0.56,-0.21067385788324433
current_platt,Current Platt,valid,"(0.4, 0.5]",23,0.4654523512655544,0.34782608695652173,0.11762626430903267
current_platt,Current Platt,valid,"(0.5, 0.6]",24,0.5361046138508755,0.625,-0.08889538614912451
current_platt,Current Platt,valid,"(0.6, 0.7]",22,0.6548864447585326,0.6818181818181818,-0.02693173705964913
current_platt,Current Platt,valid,"(0.7, 0.8]",24,0.758000722383963,0.75,0.008000722383962988
current_platt,Current Platt,valid,"(0.8, 0.9]",39,0.8589320395261296,0.8461538461538461,0.012778193372283475
current_platt,Current Platt,valid,"(0.9, 1.0]",53,0.9504794674263394,0.9245283018867925,0.025951165539546905
current_platt,Current Platt,test,"(-0.001, 0.1]",542,0.02178773543857594,0.025830258302583026,-0.004042522864007088
current_platt,Current Platt,test,"(0.1, 0.2]",86,0.1406062250987434,0.05813953488372093,0.08246669021502248
current_platt,Current Platt,test,"(0.2, 0.3]",41,0.2483086679019982,0.17073170731707318,0.07757696058492503
current_platt,Current Platt,test,"(0.3, 0.4]",26,0.3540815823055485,0.38461538461538464,-0.030533802309836156
current_platt,Current Platt,test,"(0.4, 0.5]",37,0.4465442765629288,0.5405405405405406,-0.0939962639776118
current_platt,Current Platt,test,"(0.5, 0.6]",32,0.5433066819461179,0.59375,-0.050443318053882136
current_platt,Current Platt,test,"(0.6, 0.7]",38,0.6513010292741269,0.6052631578947368,0.04603787137939008
current_platt,Current Platt,test,"(0.7, 0.8]",28,0.7524014586244262,0.6428571428571429,0.1095443157672833
current_platt,Current Platt,test,"(0.8, 0.9]",41,0.8575070427492119,0.8536585365853658,0.0038485061638460216
current_platt,Current Platt,test,"(0.9, 1.0]",53,0.9547980711949359,0.9811320754716981,-0.026334004276762246
refit_platt_valid,Refit Platt,valid,"(-0.001, 0.1]",369,0.025185249161079074,0.016260162601626018,0.008925086559453056
refit_platt_valid,Refit Platt,valid,"(0.1, 0.2]",63,0.15229096002048398,0.14285714285714285,0.00943381716334113
refit_platt_valid,Refit Platt,valid,"(0.2, 0.3]",34,0.24518398121401314,0.2647058823529412,-0.019521901138928044
refit_platt_valid,Refit Platt,valid,"(0.3, 0.4]",25,0.3493261404870987,0.56,-0.21067385951290135
refit_platt_valid,Refit Platt,valid,"(0.4, 0.5]",23,0.46545234776277256,0.34782608695652173,0.11762626080625083
refit_platt_valid,Refit Platt,valid,"(0.5, 0.6]",24,0.5361046092363556,0.625,-0.08889539076364439
refit_platt_valid,Refit Platt,valid,"(0.6, 0.7]",22,0.6548864377419789,0.6818181818181818,-0.026931744076202913
refit_platt_valid,Refit Platt,valid,"(0.7, 0.8]",24,0.7580007058948951,0.75,0.0080007058948951
refit_platt_valid,Refit Platt,valid,"(0.8, 0.9]",39,0.8589320431521549,0.8461538461538461,0.012778196998308733
refit_platt_valid,Refit Platt,valid,"(0.9, 1.0]",53,0.9504794760569217,0.9245283018867925,0.025951174170129265
refit_platt_valid,Refit Platt,test,"(-0.001, 0.1]",542,0.021787735698163082,0.025830258302583026,-0.004042522604419944
refit_platt_valid,Refit Platt,test,"(0.1, 0.2]",86,0.14060622539224424,0.05813953488372093,0.08246669050852332
refit_platt_valid,Refit Platt,test,"(0.2, 0.3]",41,0.24830866787299963,0.17073170731707318,0.07757696055592644
refit_platt_valid,Refit Platt,test,"(0.3, 0.4]",26,0.35408158063246403,0.38461538461538464,-0.030533803982920604
refit_platt_valid,Refit Platt,test,"(0.4, 0.5]",37,0.4465442756479172,0.5405405405405406,-0.09399626489262336
refit_platt_valid,Refit Platt,test,"(0.5, 0.6]",32,0.5433066801690263,0.59375,-0.05044331983097372
refit_platt_valid,Refit Platt,test,"(0.6, 0.7]",38,0.6513010225099813,0.6052631578947368,0.046037864615244506
refit_platt_valid,Refit Platt,test,"(0.7, 0.8]",28,0.7524014499886172,0.6428571428571429,0.10954430713147434
refit_platt_valid,Refit Platt,test,"(0.8, 0.9]",41,0.8575070429654743,0.8536585365853658,0.003848506380108474
refit_platt_valid,Refit Platt,test,"(0.9, 1.0]",53,0.954798074663123,0.9811320754716981,-0.026334000808575064
isotonic_valid,Isotonic Valid,valid,"(-0.001, 0.1]",370,0.016216216216216217,0.016216216216216217,0.0
isotonic_valid,Isotonic Valid,valid,"(0.1, 0.2]",67,0.13432835820895522,0.13432835820895522,0.0
isotonic_valid,Isotonic Valid,valid,"(0.3, 0.4]",29,0.3103448275862069,0.3103448275862069,0.0
isotonic_valid,Isotonic Valid,valid,"(0.4, 0.5]",62,0.45161290322580644,0.45161290322580644,0.0
isotonic_valid,Isotonic Valid,valid,"(0.6, 0.7]",19,0.6842105263157895,0.6842105263157895,0.0
isotonic_valid,Isotonic Valid,valid,"(0.7, 0.8]",40,0.75,0.75,0.0
isotonic_valid,Isotonic Valid,valid,"(0.8, 0.9]",55,0.8727272727272727,0.8727272727272727,0.0
isotonic_valid,Isotonic Valid,valid,"(0.9, 1.0]",34,0.9705882352941176,0.9705882352941176,0.0
isotonic_valid,Isotonic Valid,test,"(-0.001, 0.1]",549,0.014363142124747682,0.025500910746812388,-0.011137768622064706
isotonic_valid,Isotonic Valid,test,"(0.1, 0.2]",81,0.12769528907782737,0.06172839506172839,0.06596689401609898
isotonic_valid,Isotonic Valid,test,"(0.2, 0.3]",1,0.2058225494862645,0.0,0.2058225494862645
isotonic_valid,Isotonic Valid,test,"(0.3, 0.4]",38,0.3103448275862069,0.18421052631578946,0.12613430127041744
isotonic_valid,Isotonic Valid,test,"(0.4, 0.5]",82,0.45117197741576165,0.5,-0.04882802258423835
isotonic_valid,Isotonic Valid,test,"(0.6, 0.7]",28,0.6858731096204274,0.6071428571428571,0.07873025247757026
isotonic_valid,Isotonic Valid,test,"(0.7, 0.8]",56,0.7510004758798207,0.6607142857142857,0.09028619016553496
isotonic_valid,Isotonic Valid,test,"(0.8, 0.9]",52,0.8679247784123341,0.8846153846153846,-0.016690606203050518
isotonic_valid,Isotonic Valid,test,"(0.9, 1.0]",37,0.9684020013649454,0.972972972972973,-0.004570971608027663
beta_valid,Beta Valid,valid,"(-0.001, 0.1]",369,0.021083373610972667,0.016260162601626018,0.004823211009346649
beta_valid,Beta Valid,valid,"(0.1, 0.2]",52,0.1488537272708929,0.1346153846153846,0.014238342655508301
beta_valid,Beta Valid,valid,"(0.2, 0.3]",38,0.24080683324499938,0.2631578947368421,-0.02235106149184271
beta_valid,Beta Valid,valid,"(0.3, 0.4]",23,0.3452762833480065,0.4782608695652174,-0.13298458621721093
beta_valid,Beta Valid,valid,"(0.4, 0.5]",22,0.45353121899063686,0.45454545454545453,-0.0010142355548176663
beta_valid,Beta Valid,valid,"(0.5, 0.6]",33,0.5453661627735698,0.48484848484848486,0.06051767792508489
beta_valid,Beta Valid,valid,"(0.6, 0.7]",23,0.6620064487565693,0.6956521739130435,-0.03364572515647413
beta_valid,Beta Valid,valid,"(0.7, 0.8]",27,0.7569395509647424,0.7037037037037037,0.05323584726103869
beta_valid,Beta Valid,valid,"(0.8, 0.9]",46,0.8534681421848732,0.8913043478260869,-0.037836205641213705
beta_valid,Beta Valid,valid,"(0.9, 1.0]",43,0.9414165666358586,0.9302325581395349,0.011184008496323727
beta_valid,Beta Valid,test,"(-0.001, 0.1]",543,0.018184023843644752,0.02578268876611418,-0.007598664922469429
beta_valid,Beta Valid,test,"(0.1, 0.2]",81,0.14314084074182637,0.06172839506172839,0.08141244568009798
beta_valid,Beta Valid,test,"(0.2, 0.3]",36,0.25250787203790864,0.16666666666666666,0.08584120537124199
beta_valid,Beta Valid,test,"(0.3, 0.4]",25,0.3461951260954439,0.24,0.1061951260954439
beta_valid,Beta Valid,test,"(0.4, 0.5]",37,0.4504878734272079,0.5135135135135135,-0.06302564008630557
beta_valid,Beta Valid,test,"(0.5, 0.6]",39,0.550039115687325,0.5897435897435898,-0.03970447405626476
beta_valid,Beta Valid,test,"(0.6, 0.7]",39,0.6551073330404092,0.6153846153846154,0.03972271765579383
beta_valid,Beta Valid,test,"(0.7, 0.8]",34,0.7505087157753723,0.6764705882352942,0.0740381275400781
beta_valid,Beta Valid,test,"(0.8, 0.9]",43,0.8498149695735081,0.8604651162790697,-0.010650146705561636
beta_valid,Beta Valid,test,"(0.9, 1.0]",47,0.9418249541516224,0.9787234042553191,-0.036898450103696745
rolling_oof_platt,Rolling OOF Platt,valid,"(-0.001, 0.1]",372,0.022912231845581846,0.021505376344086023,0.0014068555014958226
rolling_oof_platt,Rolling OOF Platt,valid,"(0.1, 0.2]",65,0.14854469548055238,0.1076923076923077,0.04085238778824468
rolling_oof_platt,Rolling OOF Platt,valid,"(0.2, 0.3]",32,0.2465981477129616,0.375,-0.1284018522870384
rolling_oof_platt,Rolling OOF Platt,valid,"(0.3, 0.4]",23,0.3489372621559661,0.5217391304347826,-0.1728018682788165
rolling_oof_platt,Rolling OOF Platt,valid,"(0.4, 0.5]",23,0.46400467104885834,0.30434782608695654,0.1596568449619018
rolling_oof_platt,Rolling OOF Platt,valid,"(0.5, 0.6]",23,0.5341975139444486,0.6521739130434783,-0.11797639909902968
rolling_oof_platt,Rolling OOF Platt,valid,"(0.6, 0.7]",22,0.6555469283802583,0.6818181818181818,-0.02627125343792347
rolling_oof_platt,Rolling OOF Platt,valid,"(0.7, 0.8]",23,0.7598906377481834,0.7391304347826086,0.020760202965574792
rolling_oof_platt,Rolling OOF Platt,valid,"(0.8, 0.9]",36,0.8578606043418354,0.8333333333333334,0.02452727100850205
rolling_oof_platt,Rolling OOF Platt,valid,"(0.9, 1.0]",57,0.9503825983831086,0.9298245614035088,0.020558036979599792
rolling_oof_platt,Rolling OOF Platt,test,"(-0.001, 0.1]",550,0.020348207013973933,0.02727272727272727,-0.006924520258753338
rolling_oof_platt,Rolling OOF Platt,test,"(0.1, 0.2]",81,0.13710864300853054,0.04938271604938271,0.08772592695914783
rolling_oof_platt,Rolling OOF Platt,test,"(0.2, 0.3]",40,0.24385287679820783,0.2,0.04385287679820782
rolling_oof_platt,Rolling OOF Platt,test,"(0.3, 0.4]",25,0.3512002759691966,0.36,-0.008799724030803369
rolling_oof_platt,Rolling OOF Platt,test,"(0.4, 0.5]",39,0.44573347233758515,0.5128205128205128,-0.06708704048292763
rolling_oof_platt,Rolling OOF Platt,test,"(0.5, 0.6]",32,0.5495630505127198,0.6875,-0.1379369494872802
rolling_oof_platt,Rolling OOF Platt,test,"(0.6, 0.7]",33,0.6536678667706286,0.5757575757575758,0.0779102910130528
rolling_oof_platt,Rolling OOF Platt,test,"(0.7, 0.8]",29,0.7505233520146896,0.6206896551724138,0.12983369684227575
rolling_oof_platt,Rolling OOF Platt,test,"(0.8, 0.9]",37,0.855570194373104,0.8648648648648649,-0.009294670491760915
rolling_oof_platt,Rolling OOF Platt,test,"(0.9, 1.0]",58,0.953262589847078,0.9655172413793104,-0.012254651532232375
rolling_oof_isotonic,Rolling OOF Isotonic,valid,"(-0.001, 0.1]",387,0.02313808882510388,0.020671834625323,0.0024662541997808804
rolling_oof_isotonic,Rolling OOF Isotonic,valid,"(0.1, 0.2]",35,0.11258277948813104,0.14285714285714285,-0.030274363369011806
rolling_oof_isotonic,Rolling OOF Isotonic,valid,"(0.2, 0.3]",39,0.24089901867679644,0.28205128205128205,-0.041152263374485604
rolling_oof_isotonic,Rolling OOF Isotonic,valid,"(0.3, 0.4]",29,0.3831168831168831,0.4827586206896552,-0.09964173757277212
rolling_oof_isotonic,Rolling OOF Isotonic,valid,"(0.4, 0.5]",26,0.42245657568238215,0.3076923076923077,0.11476426799007444
rolling_oof_isotonic,Rolling OOF Isotonic,valid,"(0.5, 0.6]",15,0.5094339622641509,0.5333333333333333,-0.023899371069182385
rolling_oof_isotonic,Rolling OOF Isotonic,valid,"(0.6, 0.7]",33,0.6669137461394831,0.7575757575757576,-0.0906620114362745
rolling_oof_isotonic,Rolling OOF Isotonic,valid,"(0.7, 0.8]",32,0.7837832779335283,0.75,0.03378327793352831
rolling_oof_isotonic,Rolling OOF Isotonic,valid,"(0.8, 0.9]",27,0.8775510204081632,0.8888888888888888,-0.0113378684807256
rolling_oof_isotonic,Rolling OOF Isotonic,valid,"(0.9, 1.0]",53,0.960694178185854,0.9245283018867925,0.03616587629906154
rolling_oof_isotonic,Rolling OOF Isotonic,test,"(-0.001, 0.1]",580,0.021182075722150334,0.03103448275862069,-0.009852407036470355
rolling_oof_isotonic,Rolling OOF Isotonic,test,"(0.1, 0.2]",45,0.11245446545757044,0.022222222222222223,0.09023224323534822
rolling_oof_isotonic,Rolling OOF Isotonic,test,"(0.2, 0.3]",38,0.24350227420402856,0.15789473684210525,0.08560753736192331
rolling_oof_isotonic,Rolling OOF Isotonic,test,"(0.3, 0.4]",31,0.3831168831168831,0.3548387096774194,0.028278173439463705
rolling_oof_isotonic,Rolling OOF Isotonic,test,"(0.4, 0.5]",43,0.4249812453113278,0.5116279069767442,-0.0866466616654164
rolling_oof_isotonic,Rolling OOF Isotonic,test,"(0.5, 0.6]",17,0.5094339622641509,0.5882352941176471,-0.07880133185349614
rolling_oof_isotonic,Rolling OOF Isotonic,test,"(0.6, 0.7]",54,0.6724109778069133,0.6111111111111112,0.06129986669580212
rolling_oof_isotonic,Rolling OOF Isotonic,test,"(0.7, 0.8]",38,0.7840536611797949,0.7368421052631579,0.04721155591663706
rolling_oof_isotonic,Rolling OOF Isotonic,test,"(0.8, 0.9]",27,0.876873568503538,0.8888888888888888,-0.012015320385350803
rolling_oof_isotonic,Rolling OOF Isotonic,test,"(0.9, 1.0]",51,0.9678908067939576,0.9803921568627451,-0.012501350068787498
rolling_oof_beta,Rolling OOF Beta,valid,"(-0.001, 0.1]",372,0.022707929580344705,0.021505376344086023,0.0012025532362586813
rolling_oof_beta,Rolling OOF Beta,valid,"(0.1, 0.2]",65,0.14913636975719505,0.1076923076923077,0.04144406206488735
rolling_oof_beta,Rolling OOF Beta,valid,"(0.2, 0.3]",32,0.247988410786412,0.375,-0.127011589213588
rolling_oof_beta,Rolling OOF Beta,valid,"(0.3, 0.4]",23,0.350699436644771,0.5217391304347826,-0.1710396937900116
rolling_oof_beta,Rolling OOF Beta,valid,"(0.4, 0.5]",23,0.46555599243529344,0.30434782608695654,0.1612081663483369
rolling_oof_beta,Rolling OOF Beta,valid,"(0.5, 0.6]",23,0.5353205622078882,0.6521739130434783,-0.11685335083559012
rolling_oof_beta,Rolling OOF Beta,valid,"(0.6, 0.7]",22,0.6555871183076867,0.6818181818181818,-0.02623106351049509
rolling_oof_beta,Rolling OOF Beta,valid,"(0.7, 0.8]",23,0.7589138779480339,0.7391304347826086,0.01978344316542524
rolling_oof_beta,Rolling OOF Beta,valid,"(0.8, 0.9]",37,0.8573729526721672,0.8378378378378378,0.019535114834329348
rolling_oof_beta,Rolling OOF Beta,valid,"(0.9, 1.0]",56,0.9499896506403042,0.9285714285714286,0.02141822206887556
rolling_oof_beta,Rolling OOF Beta,test,"(-0.001, 0.1]",550,0.0201596932666789,0.02727272727272727,-0.007113034006048371
rolling_oof_beta,Rolling OOF Beta,test,"(0.1, 0.2]",81,0.13759038917725544,0.04938271604938271,0.08820767312787273
rolling_oof_beta,Rolling OOF Beta,test,"(0.2, 0.3]",40,0.24522932018474405,0.2,0.04522932018474404
rolling_oof_beta,Rolling OOF Beta,test,"(0.3, 0.4]",25,0.3529680945012521,0.36,-0.007031905498747881
rolling_oof_beta,Rolling OOF Beta,test,"(0.4, 0.5]",38,0.44595304677006264,0.5263157894736842,-0.08036274270362154
rolling_oof_beta,Rolling OOF Beta,test,"(0.5, 0.6]",33,0.5490459818338086,0.6666666666666666,-0.11762068483285804
rolling_oof_beta,Rolling OOF Beta,test,"(0.6, 0.7]",34,0.6550831282026559,0.5588235294117647,0.09625959879089119
rolling_oof_beta,Rolling OOF Beta,test,"(0.7, 0.8]",29,0.7530792288165695,0.6551724137931034,0.0979068150234661
rolling_oof_beta,Rolling OOF Beta,test,"(0.8, 0.9]",40,0.8598258286722313,0.85,0.009825828672231363
rolling_oof_beta,Rolling OOF Beta,test,"(0.9, 1.0]",54,0.9559058829311963,0.9814814814814815,-0.02557559855028524
segment_market_platt,Market Segment Platt,valid,"(-0.001, 0.1]",362,0.0230031478192533,0.013812154696132596,0.009190993123120703
segment_market_platt,Market Segment Platt,valid,"(0.1, 0.2]",63,0.14515749240958967,0.12698412698412698,0.01817336542546269
segment_market_platt,Market Segment Platt,valid,"(0.2, 0.3]",40,0.24022853232304392,0.275,-0.0347714676769561
segment_market_platt,Market Segment Platt,valid,"(0.3, 0.4]",25,0.35298458139317646,0.56,-0.2070154186068236
segment_market_platt,Market Segment Platt,valid,"(0.4, 0.5]",21,0.46359811944739626,0.3333333333333333,0.13026478611406295
segment_market_platt,Market Segment Platt,valid,"(0.5, 0.6]",28,0.5373215066637659,0.6071428571428571,-0.06982135047909122
segment_market_platt,Market Segment Platt,valid,"(0.6, 0.7]",20,0.6506836673427313,0.65,0.0006836673427312867
segment_market_platt,Market Segment Platt,valid,"(0.7, 0.8]",27,0.758776483539558,0.7037037037037037,0.055072779835854235
segment_market_platt,Market Segment Platt,valid,"(0.8, 0.9]",41,0.8579713208816835,0.9024390243902439,-0.04446770350856044
segment_market_platt,Market Segment Platt,valid,"(0.9, 1.0]",49,0.9518314620850925,0.9183673469387755,0.033464115146316975
segment_market_platt,Market Segment Platt,test,"(-0.001, 0.1]",540,0.01917691169948686,0.020370370370370372,-0.0011934586708835133
segment_market_platt,Market Segment Platt,test,"(0.1, 0.2]",88,0.14260024012551342,0.09090909090909091,0.05169114921642251
segment_market_platt,Market Segment Platt,test,"(0.2, 0.3]",41,0.25581591057579023,0.17073170731707318,0.08508420325871704
segment_market_platt,Market Segment Platt,test,"(0.3, 0.4]",24,0.35730834973911124,0.375,-0.017691650260888758
segment_market_platt,Market Segment Platt,test,"(0.4, 0.5]",38,0.4470244304630947,0.5526315789473685,-0.10560714848427377
segment_market_platt,Market Segment Platt,test,"(0.5, 0.6]",35,0.5461021886461483,0.5714285714285714,-0.02532638278242305
segment_market_platt,Market Segment Platt,test,"(0.6, 0.7]",33,0.6556296549745669,0.6060606060606061,0.049569048913960856
segment_market_platt,Market Segment Platt,test,"(0.7, 0.8]",31,0.7511427449736535,0.6774193548387096,0.07372339013494389
segment_market_platt,Market Segment Platt,test,"(0.8, 0.9]",39,0.8516524703599243,0.8205128205128205,0.031139649847103823
segment_market_platt,Market Segment Platt,test,"(0.9, 1.0]",55,0.9491267089234258,0.9818181818181818,-0.032691472894756046
segment_industry_platt,Industry Segment Platt,valid,"(-0.001, 0.1]",362,0.025479765580071402,0.013812154696132596,0.011667610883938806
segment_industry_platt,Industry Segment Platt,valid,"(0.1, 0.2]",70,0.14659996386209762,0.14285714285714285,0.003742821004954766
segment_industry_platt,Industry Segment Platt,valid,"(0.2, 0.3]",32,0.24188054613199006,0.28125,-0.03936945386800994
segment_industry_platt,Industry Segment Platt,valid,"(0.3, 0.4]",24,0.34096057153373915,0.5416666666666666,-0.20070609513292748
segment_industry_platt,Industry Segment Platt,valid,"(0.4, 0.5]",26,0.4546212999829129,0.5,-0.045378700017087104
segment_industry_platt,Industry Segment Platt,valid,"(0.5, 0.6]",25,0.5419104790072086,0.48,0.061910479007208585
segment_industry_platt,Industry Segment Platt,valid,"(0.6, 0.7]",16,0.6595123668097158,0.5625,0.09701236680971581
segment_industry_platt,Industry Segment Platt,valid,"(0.7, 0.8]",24,0.7565228263808058,0.75,0.006522826380805813
segment_industry_platt,Industry Segment Platt,valid,"(0.8, 0.9]",42,0.8521769179320954,0.8333333333333334,0.01884358459876201
segment_industry_platt,Industry Segment Platt,valid,"(0.9, 1.0]",55,0.9536256536145301,0.9454545454545454,0.008171108159984675
segment_industry_platt,Industry Segment Platt,test,"(-0.001, 0.1]",536,0.02234231386417158,0.024253731343283583,-0.0019114174791120021
segment_industry_platt,Industry Segment Platt,test,"(0.1, 0.2]",92,0.14094263456213232,0.06521739130434782,0.0757252432577845
segment_industry_platt,Industry Segment Platt,test,"(0.2, 0.3]",43,0.2508746266902389,0.18604651162790697,0.06482811506233194
segment_industry_platt,Industry Segment Platt,test,"(0.3, 0.4]",27,0.3513083287592736,0.4074074074074074,-0.05609907864813379
segment_industry_platt,Industry Segment Platt,test,"(0.4, 0.5]",33,0.45338184542589527,0.5454545454545454,-0.09207270002865015
segment_industry_platt,Industry Segment Platt,test,"(0.5, 0.6]",33,0.54977045746274,0.5454545454545454,0.004315912008194589
segment_industry_platt,Industry Segment Platt,test,"(0.6, 0.7]",32,0.6545815811002067,0.65625,-0.0016684188997933003
segment_industry_platt,Industry Segment Platt,test,"(0.7, 0.8]",39,0.7563313211831897,0.6666666666666666,0.08966465451652306
segment_industry_platt,Industry Segment Platt,test,"(0.8, 0.9]",29,0.8584626643935003,0.8620689655172413,-0.0036063011237410514
segment_industry_platt,Industry Segment Platt,test,"(0.9, 1.0]",60,0.9594199476185117,0.95,0.009419947618511726
