variant,display_name,operating_mode,operating_mode_display,threshold_detail,eval_year,policy_year,precision,recall,f1,true_negative,false_positive,false_negative,true_positive
fold_platt,Fold Platt,recall_first,Recall 우선,global:0.160; valid recall floor 0.90,2019,2018,0.5695652173913044,0.9357142857142857,0.7081081081081081,335,99,9,131
fold_platt,Fold Platt,balanced,균형,global:0.260; valid recall floor 0.85,2019,2018,0.6775956284153005,0.8857142857142857,0.7678018575851393,375,59,16,124
fold_platt,Fold Platt,fp_reduction_global,FP 축소 Global,global:0.330; valid recall floor 0.80,2019,2018,0.7300613496932515,0.85,0.7854785478547854,390,44,21,119
fold_platt,Fold Platt,fp_reduction_kosdaq,FP 축소 KOSDAQ,market=KOSDAQ:0.330; fallback:0.260,2019,2018,0.7041420118343196,0.85,0.7702265372168284,384,50,21,119
fold_isotonic,Fold Isotonic,recall_first,Recall 우선,global:0.165; valid recall floor 0.90,2019,2018,0.5689655172413793,0.9428571428571428,0.7096774193548387,334,100,8,132
fold_isotonic,Fold Isotonic,balanced,균형,global:0.200; valid recall floor 0.85,2019,2018,0.6775956284153005,0.8857142857142857,0.7678018575851393,375,59,16,124
fold_isotonic,Fold Isotonic,fp_reduction_global,FP 축소 Global,global:0.320; valid recall floor 0.80,2019,2018,0.7228915662650602,0.8571428571428571,0.7843137254901961,388,46,20,120
fold_isotonic,Fold Isotonic,fp_reduction_kosdaq,FP 축소 KOSDAQ,market=KOSDAQ:0.320; fallback:0.200,2019,2018,0.7017543859649122,0.8571428571428571,0.7717041800643086,383,51,20,120
fold_beta,Fold Beta,recall_first,Recall 우선,global:0.145; valid recall floor 0.90,2019,2018,0.5695652173913044,0.9357142857142857,0.7081081081081081,335,99,9,131
fold_beta,Fold Beta,balanced,균형,global:0.230; valid recall floor 0.85,2019,2018,0.6775956284153005,0.8857142857142857,0.7678018575851393,375,59,16,124
fold_beta,Fold Beta,fp_reduction_global,FP 축소 Global,global:0.270; valid recall floor 0.80,2019,2018,0.7228915662650602,0.8571428571428571,0.7843137254901961,388,46,20,120
fold_beta,Fold Beta,fp_reduction_kosdaq,FP 축소 KOSDAQ,market=KOSDAQ:0.270; fallback:0.230,2019,2018,0.7017543859649122,0.8571428571428571,0.7717041800643086,383,51,20,120
fold_segment_market_platt,Fold Market Segment Platt,recall_first,Recall 우선,global:0.160; valid recall floor 0.90,2019,2018,0.5745614035087719,0.9357142857142857,0.7119565217391305,337,97,9,131
fold_segment_market_platt,Fold Market Segment Platt,balanced,균형,global:0.255; valid recall floor 0.85,2019,2018,0.6775956284153005,0.8857142857142857,0.7678018575851393,375,59,16,124
fold_segment_market_platt,Fold Market Segment Platt,fp_reduction_global,FP 축소 Global,global:0.330; valid recall floor 0.80,2019,2018,0.7329192546583851,0.8428571428571429,0.7840531561461794,391,43,22,118
fold_segment_market_platt,Fold Market Segment Platt,fp_reduction_kosdaq,FP 축소 KOSDAQ,market=KOSDAQ:0.305; fallback:0.255,2019,2018,0.7017543859649122,0.8571428571428571,0.7717041800643086,383,51,20,120
fold_segment_industry_platt,Fold Industry Segment Platt,recall_first,Recall 우선,global:0.165; valid recall floor 0.90,2019,2018,0.5695652173913044,0.9357142857142857,0.7081081081081081,335,99,9,131
fold_segment_industry_platt,Fold Industry Segment Platt,balanced,균형,global:0.270; valid recall floor 0.85,2019,2018,0.6775956284153005,0.8857142857142857,0.7678018575851393,375,59,16,124
fold_segment_industry_platt,Fold Industry Segment Platt,fp_reduction_global,FP 축소 Global,global:0.310; valid recall floor 0.80,2019,2018,0.7212121212121212,0.85,0.780327868852459,388,46,21,119
fold_segment_industry_platt,Fold Industry Segment Platt,fp_reduction_kosdaq,FP 축소 KOSDAQ,market=KOSDAQ:0.310; fallback:0.270,2019,2018,0.7,0.85,0.7677419354838709,383,51,21,119
fold_platt,Fold Platt,recall_first,Recall 우선,global:0.285; valid recall floor 0.90,2020,2019,0.6888888888888889,0.8211920529801324,0.7492447129909365,396,56,27,124
fold_platt,Fold Platt,balanced,균형,global:0.355; valid recall floor 0.85,2020,2019,0.7407407407407407,0.7947019867549668,0.7667731629392971,410,42,31,120
fold_platt,Fold Platt,fp_reduction_global,FP 축소 Global,global:0.460; valid recall floor 0.80,2020,2019,0.8055555555555556,0.7682119205298014,0.7864406779661017,424,28,35,116
fold_platt,Fold Platt,fp_reduction_kosdaq,FP 축소 KOSDAQ,market=KOSDAQ:0.505; fallback:0.355,2020,2019,0.7891156462585034,0.7682119205298014,0.7785234899328859,421,31,35,116
fold_isotonic,Fold Isotonic,recall_first,Recall 우선,global:0.440; valid recall floor 0.90,2020,2019,0.6885245901639344,0.8344370860927153,0.7544910179640718,395,57,25,126
fold_isotonic,Fold Isotonic,balanced,균형,global:0.440; valid recall floor 0.85,2020,2019,0.6885245901639344,0.8344370860927153,0.7544910179640718,395,57,25,126
fold_isotonic,Fold Isotonic,fp_reduction_global,FP 축소 Global,global:0.450; valid recall floor 0.80,2020,2019,0.7515923566878981,0.7814569536423841,0.7662337662337663,413,39,33,118
fold_isotonic,Fold Isotonic,fp_reduction_kosdaq,FP 축소 KOSDAQ,market=KOSDAQ:0.600; fallback:0.440,2020,2019,0.7866666666666666,0.7814569536423841,0.7840531561461794,420,32,33,118
fold_beta,Fold Beta,recall_first,Recall 우선,global:0.290; valid recall floor 0.90,2020,2019,0.6850828729281768,0.8211920529801324,0.7469879518072289,395,57,27,124
fold_beta,Fold Beta,balanced,균형,global:0.360; valid recall floor 0.85,2020,2019,0.7407407407407407,0.7947019867549668,0.7667731629392971,410,42,31,120
fold_beta,Fold Beta,fp_reduction_global,FP 축소 Global,global:0.465; valid recall floor 0.80,2020,2019,0.8055555555555556,0.7682119205298014,0.7864406779661017,424,28,35,116
fold_beta,Fold Beta,fp_reduction_kosdaq,FP 축소 KOSDAQ,market=KOSDAQ:0.510; fallback:0.360,2020,2019,0.7891156462585034,0.7682119205298014,0.7785234899328859,421,31,35,116
fold_segment_market_platt,Fold Market Segment Platt,recall_first,Recall 우선,global:0.275; valid recall floor 0.90,2020,2019,0.6923076923076923,0.8344370860927153,0.7567567567567568,396,56,25,126
fold_segment_market_platt,Fold Market Segment Platt,balanced,균형,global:0.370; valid recall floor 0.85,2020,2019,0.7407407407407407,0.7947019867549668,0.7667731629392971,410,42,31,120
fold_segment_market_platt,Fold Market Segment Platt,fp_reduction_global,FP 축소 Global,global:0.450; valid recall floor 0.80,2020,2019,0.7837837837837838,0.7682119205298014,0.7759197324414716,420,32,35,116
fold_segment_market_platt,Fold Market Segment Platt,fp_reduction_kosdaq,FP 축소 KOSDAQ,market=KOSDAQ:0.475; fallback:0.370,2020,2019,0.7866666666666666,0.7814569536423841,0.7840531561461794,420,32,33,118
fold_segment_industry_platt,Fold Industry Segment Platt,recall_first,Recall 우선,global:0.270; valid recall floor 0.90,2020,2019,0.6775956284153005,0.8211920529801324,0.7425149700598802,393,59,27,124
fold_segment_industry_platt,Fold Industry Segment Platt,balanced,균형,global:0.340; valid recall floor 0.85,2020,2019,0.7202380952380952,0.8013245033112583,0.7586206896551724,405,47,30,121
fold_segment_industry_platt,Fold Industry Segment Platt,fp_reduction_global,FP 축소 Global,global:0.450; valid recall floor 0.80,2020,2019,0.7785234899328859,0.7682119205298014,0.7733333333333333,419,33,35,116
fold_segment_industry_platt,Fold Industry Segment Platt,fp_reduction_kosdaq,FP 축소 KOSDAQ,market=KOSDAQ:0.520; fallback:0.340,2020,2019,0.76,0.7549668874172185,0.7574750830564784,416,36,37,114
fold_platt,Fold Platt,recall_first,Recall 우선,global:0.200; valid recall floor 0.90,2021,2020,0.6099585062240664,0.8909090909090909,0.7241379310344828,414,94,18,147
fold_platt,Fold Platt,balanced,균형,global:0.305; valid recall floor 0.85,2021,2020,0.6456310679611651,0.806060606060606,0.7169811320754716,435,73,32,133
fold_platt,Fold Platt,fp_reduction_global,FP 축소 Global,global:0.410; valid recall floor 0.80,2021,2020,0.7011494252873564,0.7393939393939394,0.7197640117994101,456,52,43,122
fold_platt,Fold Platt,fp_reduction_kosdaq,FP 축소 KOSDAQ,market=KOSDAQ:0.490; fallback:0.305,2021,2020,0.7168674698795181,0.7212121212121212,0.7190332326283988,461,47,46,119
fold_isotonic,Fold Isotonic,recall_first,Recall 우선,global:0.285; valid recall floor 0.90,2021,2020,0.6099585062240664,0.8909090909090909,0.7241379310344828,414,94,18,147
fold_isotonic,Fold Isotonic,balanced,균형,global:0.375; valid recall floor 0.85,2021,2020,0.6519607843137255,0.806060606060606,0.7208672086720868,437,71,32,133
fold_isotonic,Fold Isotonic,fp_reduction_global,FP 축소 Global,global:0.375; valid recall floor 0.80,2021,2020,0.6519607843137255,0.806060606060606,0.7208672086720868,437,71,32,133
fold_isotonic,Fold Isotonic,fp_reduction_kosdaq,FP 축소 KOSDAQ,market=KOSDAQ:0.425; fallback:0.375,2021,2020,0.7076023391812866,0.7333333333333333,0.7202380952380952,458,50,44,121
fold_beta,Fold Beta,recall_first,Recall 우선,global:0.205; valid recall floor 0.90,2021,2020,0.6099585062240664,0.8909090909090909,0.7241379310344828,414,94,18,147
fold_beta,Fold Beta,balanced,균형,global:0.310; valid recall floor 0.85,2021,2020,0.6456310679611651,0.806060606060606,0.7169811320754716,435,73,32,133
fold_beta,Fold Beta,fp_reduction_global,FP 축소 Global,global:0.420; valid recall floor 0.80,2021,2020,0.7011494252873564,0.7393939393939394,0.7197640117994101,456,52,43,122
fold_beta,Fold Beta,fp_reduction_kosdaq,FP 축소 KOSDAQ,market=KOSDAQ:0.495; fallback:0.310,2021,2020,0.7168674698795181,0.7212121212121212,0.7190332326283988,461,47,46,119
fold_segment_market_platt,Fold Market Segment Platt,recall_first,Recall 우선,global:0.210; valid recall floor 0.90,2021,2020,0.6099585062240664,0.8909090909090909,0.7241379310344828,414,94,18,147
fold_segment_market_platt,Fold Market Segment Platt,balanced,균형,global:0.310; valid recall floor 0.85,2021,2020,0.642512077294686,0.806060606060606,0.7150537634408602,434,74,32,133
fold_segment_market_platt,Fold Market Segment Platt,fp_reduction_global,FP 축소 Global,global:0.430; valid recall floor 0.80,2021,2020,0.7017543859649122,0.7272727272727273,0.7142857142857143,457,51,45,120
fold_segment_market_platt,Fold Market Segment Platt,fp_reduction_kosdaq,FP 축소 KOSDAQ,market=KOSDAQ:0.485; fallback:0.310,2021,2020,0.7168674698795181,0.7212121212121212,0.7190332326283988,461,47,46,119
fold_segment_industry_platt,Fold Industry Segment Platt,recall_first,Recall 우선,global:0.215; valid recall floor 0.90,2021,2020,0.6092436974789915,0.8787878787878788,0.7196029776674938,415,93,20,145
fold_segment_industry_platt,Fold Industry Segment Platt,balanced,균형,global:0.310; valid recall floor 0.85,2021,2020,0.642512077294686,0.806060606060606,0.7150537634408602,434,74,32,133
fold_segment_industry_platt,Fold Industry Segment Platt,fp_reduction_global,FP 축소 Global,global:0.400; valid recall floor 0.80,2021,2020,0.7005649717514124,0.7515151515151515,0.7251461988304093,455,53,41,124
fold_segment_industry_platt,Fold Industry Segment Platt,fp_reduction_kosdaq,FP 축소 KOSDAQ,market=KOSDAQ:0.500; fallback:0.310,2021,2020,0.7228915662650602,0.7272727272727273,0.7250755287009063,462,46,45,120
fold_platt,Fold Platt,recall_first,Recall 우선,global:0.175; valid recall floor 0.90,2022,2021,0.6168582375478927,0.9147727272727273,0.7368421052631579,400,100,15,161
fold_platt,Fold Platt,balanced,균형,global:0.240; valid recall floor 0.85,2022,2021,0.7027027027027027,0.8863636363636364,0.7839195979899497,434,66,20,156
fold_platt,Fold Platt,fp_reduction_global,FP 축소 Global,global:0.325; valid recall floor 0.80,2022,2021,0.7272727272727273,0.8181818181818182,0.7700534759358288,446,54,32,144
fold_platt,Fold Platt,fp_reduction_kosdaq,FP 축소 KOSDAQ,market=KOSDAQ:0.380; fallback:0.240,2022,2021,0.7315789473684211,0.7897727272727273,0.7595628415300546,449,51,37,139
fold_isotonic,Fold Isotonic,recall_first,Recall 우선,global:0.285; valid recall floor 0.90,2022,2021,0.6145038167938931,0.9147727272727273,0.7351598173515982,399,101,15,161
fold_isotonic,Fold Isotonic,balanced,균형,global:0.290; valid recall floor 0.85,2022,2021,0.7058823529411765,0.8863636363636364,0.7858942065491183,435,65,20,156
fold_isotonic,Fold Isotonic,fp_reduction_global,FP 축소 Global,global:0.375; valid recall floor 0.80,2022,2021,0.7272727272727273,0.8181818181818182,0.7700534759358288,446,54,32,144
fold_isotonic,Fold Isotonic,fp_reduction_kosdaq,FP 축소 KOSDAQ,market=KOSDAQ:0.410; fallback:0.290,2022,2021,0.7135678391959799,0.8068181818181818,0.7573333333333333,443,57,34,142
fold_beta,Fold Beta,recall_first,Recall 우선,global:0.175; valid recall floor 0.90,2022,2021,0.6098484848484849,0.9147727272727273,0.7318181818181818,397,103,15,161
fold_beta,Fold Beta,balanced,균형,global:0.245; valid recall floor 0.85,2022,2021,0.7027027027027027,0.8863636363636364,0.7839195979899497,434,66,20,156
fold_beta,Fold Beta,fp_reduction_global,FP 축소 Global,global:0.330; valid recall floor 0.80,2022,2021,0.7272727272727273,0.8181818181818182,0.7700534759358288,446,54,32,144
fold_beta,Fold Beta,fp_reduction_kosdaq,FP 축소 KOSDAQ,market=KOSDAQ:0.385; fallback:0.245,2022,2021,0.7315789473684211,0.7897727272727273,0.7595628415300546,449,51,37,139
fold_segment_market_platt,Fold Market Segment Platt,recall_first,Recall 우선,global:0.185; valid recall floor 0.90,2022,2021,0.6201550387596899,0.9090909090909091,0.7373271889400922,402,98,16,160
fold_segment_market_platt,Fold Market Segment Platt,balanced,균형,global:0.250; valid recall floor 0.85,2022,2021,0.6954545454545454,0.8693181818181818,0.7727272727272727,433,67,23,153
fold_segment_market_platt,Fold Market Segment Platt,fp_reduction_global,FP 축소 Global,global:0.325; valid recall floor 0.80,2022,2021,0.7282051282051282,0.8068181818181818,0.7654986522911051,447,53,34,142
fold_segment_market_platt,Fold Market Segment Platt,fp_reduction_kosdaq,FP 축소 KOSDAQ,market=KOSDAQ:0.340; fallback:0.250,2022,2021,0.7142857142857143,0.7954545454545454,0.7526881720430108,444,56,36,140
fold_segment_industry_platt,Fold Industry Segment Platt,recall_first,Recall 우선,global:0.190; valid recall floor 0.90,2022,2021,0.6186770428015564,0.9034090909090909,0.7344110854503464,402,98,17,159
fold_segment_industry_platt,Fold Industry Segment Platt,balanced,균형,global:0.270; valid recall floor 0.85,2022,2021,0.7064220183486238,0.875,0.7817258883248731,436,64,22,154
fold_segment_industry_platt,Fold Industry Segment Platt,fp_reduction_global,FP 축소 Global,global:0.335; valid recall floor 0.80,2022,2021,0.7185929648241206,0.8125,0.7626666666666667,444,56,33,143
fold_segment_industry_platt,Fold Industry Segment Platt,fp_reduction_kosdaq,FP 축소 KOSDAQ,market=KOSDAQ:0.385; fallback:0.270,2022,2021,0.7315789473684211,0.7897727272727273,0.7595628415300546,449,51,37,139
